name,scr,naming,conditional,events,loop,proc,lists,dp,sensors,media,social,connect,draw,operator,ui,total
Catchtheball,1,2,0,3,0,3,1,0,0,0,0,0,2,3,1,16
Delorean_Project,1,3,3,3,0,0,0,2,1,0,0,2,0,3,2,20
MFApp,3,0,3,3,0,0,2,3,1,0,0,0,0,3,3,21
PingPong,2,2,2,3,0,3,1,0,1,1,0,0,3,3,2,23
pop0318204010,3,1,0,1,0,0,0,0,0,0,0,1,0,0,1,7
pop0318204115,2,2,0,1,0,0,0,0,0,0,0,0,0,0,0,5
pop0318204143,1,2,1,2,0,0,0,2,1,0,0,1,0,3,2,15
pop0318204158,2,2,1,2,0,0,0,2,1,0,0,1,0,3,3,17
pop0318204224,1,2,1,3,0,1,0,0,1,0,0,3,0,0,2,14
pop0318204405,1,2,0,0,0,0,0,0,1,2,0,0,3,0,2,11
pop0318204439,3,2,3,3,0,2,3,2,1,2,0,3,0,3,3,30
pop0318204636,2,2,0,1,0,0,0,0,0,0,0,0,0,0,0,5
pop0318204755,1,2,0,1,0,0,0,0,0,1,0,0,0,0,0,5
pop0318210018,1,2,0,1,0,0,0,0,0,0,0,0,0,1,0,5
pop0318210240,1,1,0,2,0,0,0,0,0,1,0,0,0,0,1,6
pop0318210328,3,2,2,3,3,3,2,2,2,3,0,1,3,3,3,35
pop0318210537,1,0,0,0,0,0,0,0,0,0,0,0,0,0,3,4
pop0318210607,0,3,0,0,0,0,0,0,0,0,0,0,0,0,0,3
pop0318210652,1,2,0,1,0,0,1,0,1,2,0,0,0,2,0,10
pop2PlayerPong0318210349,1,2,1,3,0,0,0,0,0,1,0,0,3,3,2,16
popAttackofthe0318205812,2,3,0,3,3,3,2,0,1,1,0,0,3,2,2,25
popBestapplica0318205858,2,2,0,3,0,0,0,0,1,1,0,0,1,3,2,15
popBOGORsemoga0318210137,3,2,0,3,0,0,2,0,1,1,3,3,0,1,3,22
popBrickBreakF0318204516,1,2,1,3,0,3,0,0,1,0,0,0,3,3,2,19
popCalculator0318210147,1,3,2,1,0,3,0,0,0,0,0,0,0,3,2,15
popDIPOLOGEVAN0318210624,1,2,0,1,0,0,0,0,0,1,0,0,0,0,0,5
popDIPOLOGGANN0318210116,1,2,0,1,0,0,0,0,0,1,0,0,0,0,0,5
popDIPOLOGHERR0318205603,1,2,0,1,0,0,0,0,0,1,0,0,0,0,0,5
popDIPOLOGMARI0318210126,1,2,0,1,0,0,0,0,0,1,0,0,0,0,0,5
popDIPOLOGPOST0318210338,1,2,0,1,0,0,0,0,0,1,0,0,0,0,0,5
popDIPOLOGRAMI0318205751,1,2,0,1,0,0,0,0,0,1,0,0,0,0,0,5
popDIPOLOGREYE0318205552,1,2,0,1,0,0,0,0,0,1,0,0,0,0,0,5
popDressthedoll0318210359,2,3,2,2,0,0,0,0,0,2,0,0,3,3,3,20
popEuroFrance20318204032,2,1,1,3,0,0,0,0,1,2,0,0,0,3,2,15
popFL4PPYBiRDD0318205935,1,0,0,1,0,0,0,0,0,1,0,0,0,1,3,7
popFlappyBird0318204657,1,3,3,3,3,3,2,2,1,1,0,1,3,3,3,32
popGoogle0318204606,2,2,0,1,0,0,0,0,0,0,0,0,0,0,0,5
popGPSTracker0318204719,2,2,1,3,0,0,0,2,2,0,1,1,0,2,3,19
pophomework0318210055,1,3,2,1,2,2,2,0,0,0,0,0,0,3,2,18
popIHaveaDream0318204051,0,3,0,0,0,0,0,0,0,0,0,0,0,0,0,3
popIHLogoQuiz0318205909,3,1,0,2,0,0,0,0,0,1,0,0,0,0,2,9
popMath0318205510,1,2,2,2,2,2,2,0,0,1,0,0,0,3,2,19
popMemorygame0318210158,3,1,2,2,0,0,0,0,1,0,0,0,0,3,3,15
popMessenger0318205635,2,2,1,3,0,0,0,0,0,0,2,0,1,3,2,16
popMoleMush20318205741,1,2,0,2,3,1,1,0,1,1,0,0,3,2,2,19
popMulticolorS0318204417,2,1,2,3,0,0,0,0,1,0,0,0,0,3,2,14
popMultifuncti0318203934,3,0,3,3,0,0,2,3,1,0,0,0,0,3,3,21
popNonSoloRadio0318205613,1,2,2,3,2,3,2,3,3,3,2,3,0,3,3,35
popPlaysportga0318205945,2,1,1,3,0,0,2,2,1,0,0,0,0,2,3,17
popPong0318205836,1,2,2,3,0,3,0,0,0,1,0,0,3,3,2,20
popQuiz0318204450,1,2,1,2,2,3,2,0,0,0,0,0,0,3,1,17
popRockScissor0318204556,2,3,1,3,0,3,0,0,1,3,0,0,0,3,3,22
popSchoolClass0318205920,2,1,3,3,0,0,2,3,1,0,0,0,0,3,3,21
popShopApp0318204213,3,1,3,3,3,3,2,3,1,3,1,1,1,3,3,34
popSpaceinvade0318204127,1,2,0,0,0,0,0,1,1,0,0,0,3,0,2,10
popSTOPWATCHAPP0318210106,1,3,1,2,0,0,0,0,1,0,0,0,0,3,2,13
popsuperminigo0318205730,1,2,2,3,0,0,0,0,1,1,0,0,3,3,2,18
popTalkingManH0318204338,2,0,0,3,0,0,0,0,1,1,0,0,0,0,1,8
popTalkToMe0318205542,1,1,0,2,0,0,0,0,1,1,0,0,0,0,0,6
popTapTheKhaled0318204707,1,3,0,2,0,3,0,0,1,1,0,0,3,3,1,18
popthetestfinal0318210044,1,2,1,2,0,0,0,0,0,0,0,2,0,3,3,14
popTicTacToe0318203953,2,1,2,3,0,0,0,2,0,0,0,0,0,3,2,15
popWackyMinigo0318205847,1,2,0,0,0,0,0,2,1,2,0,0,3,0,2,13
popWhatsAppInv0318205530,2,3,2,3,2,3,0,0,1,0,0,0,0,3,3,22
popWheresMyLau0318204535,1,2,3,2,3,0,2,2,1,0,1,0,0,2,2,21
popWWWine0318205520,3,2,0,2,0,0,0,0,0,0,0,0,0,0,3,10
pr0001112223330318232700,2,2,0,1,0,0,0,0,0,0,0,0,0,0,1,6
pr0218000817,1,2,2,3,0,1,0,0,1,0,2,0,0,3,3,18
pr0218001622,2,2,1,3,0,2,0,0,1,0,0,0,3,3,3,20
pr0218001957,1,3,0,1,0,0,0,0,0,1,0,0,0,0,1,7
pr0318104634,1,3,2,3,0,2,0,0,1,1,0,2,0,3,3,21
pr0318111723,1,2,1,3,0,3,0,0,1,0,0,0,3,3,2,19
pr0318111808,3,2,2,3,0,0,0,0,1,1,0,1,0,3,3,19
pr0318122007,1,3,1,1,1,0,0,0,0,0,0,0,0,3,1,11
pr0318174854,1,1,1,2,0,0,0,0,0,0,2,0,0,2,0,9
pr0318181725,2,2,0,2,0,1,0,0,1,1,0,0,0,0,1,10
pr0318194857,3,1,0,2,0,0,0,0,2,0,0,0,0,0,3,11
pr0318195624,3,2,0,1,0,0,0,0,0,1,0,0,0,0,2,9
pr0318203117,1,0,2,3,2,2,2,1,0,0,0,0,0,3,3,19
pr0318203332,2,1,0,1,0,0,0,0,0,0,0,0,0,0,1,5
pr0318205141,3,2,0,1,0,0,0,0,0,1,0,0,0,0,3,10
pr0318232447,0,3,0,0,2,0,1,0,0,0,0,0,0,3,0,9
pr0318233440,1,2,0,1,0,0,0,0,0,1,0,0,0,0,0,5
pr0318233743,2,3,0,2,0,0,1,0,1,0,0,0,3,0,2,14
pr3DCube0318181654,2,1,0,2,0,3,0,0,1,0,0,0,1,3,1,14
pr3StepsAvaila0218000801,3,2,3,3,0,3,2,2,1,0,0,0,0,3,3,25
prA17GermFight0318110715,1,2,2,3,0,0,0,0,1,1,0,0,3,3,2,18
prACA20180318233715,2,3,0,1,0,0,0,0,0,0,0,0,3,0,2,11
prAcademicCala0318203148,3,1,0,3,0,0,0,0,1,0,3,0,0,2,3,16
prAcatbutton0318181447,1,1,0,1,0,0,0,0,0,1,0,0,0,0,0,4
prAcceleromete0418213300,1,2,0,2,0,0,0,0,2,0,0,0,3,0,2,12
prAganzerafiki0318121503,1,0,0,2,0,0,0,0,0,0,0,2,0,0,1,6
prAgdamaudiodi0318203127,1,1,0,2,0,0,0,0,1,1,0,0,0,0,0,6
prAGENDA0318204527,2,2,0,2,0,0,0,2,0,1,0,0,0,1,2,12
prAI0318105926,1,3,0,0,0,0,0,0,2,0,0,0,0,0,0,6
prAKittensGall0318181414,1,1,0,1,0,0,0,0,0,1,0,0,0,0,1,5
prAlarmClock20318232519,1,2,2,2,0,1,0,0,1,0,0,0,0,2,2,13
prAlarme0318203813,1,3,0,2,0,0,0,0,0,0,0,2,0,3,3,14
prAlienAttack0318232809,1,2,1,2,0,0,0,0,1,0,0,0,3,3,1,14
prAlloTaxiMaroc0318175143,2,1,0,1,0,0,0,0,1,0,0,0,1,1,3,10
prAMPINMOBILIA0218000744,2,2,0,2,0,0,0,0,0,0,1,1,0,0,2,10
prandroidapp0318104250,1,2,0,0,0,0,0,0,0,0,0,1,0,0,0,4
prAndroidMash,1,2,1,3,0,1,0,0,1,2,0,0,3,3,2,19
prAndroidMash0318181704,1,2,1,3,0,1,0,0,1,2,0,0,3,3,2,19
pranimalesysus0318174917,2,3,0,2,0,0,0,0,0,3,0,0,0,0,3,13
prAnimalsounds0418212329,1,3,0,0,0,0,0,0,0,1,0,0,0,0,2,7
prAnimatedApp0318195813,1,1,2,3,0,0,0,0,1,0,0,0,3,3,1,15
prAnimehuntert0218221524,2,2,1,3,0,2,0,0,1,0,0,0,3,3,3,20
prAnimehuntert0318180314,2,2,1,3,0,2,0,0,1,0,0,0,3,3,3,20
prAnimehuntert0318195116,2,2,1,3,0,2,0,0,1,0,0,0,3,3,3,20
prAnimehuntert0318204415,2,2,1,3,0,2,0,0,1,0,0,0,3,3,3,20
prAnimehuntert0318233352,2,2,1,3,0,2,0,0,1,0,0,0,3,3,3,20
prAntsHunter0418213132,1,3,3,3,3,3,2,0,1,1,0,0,3,3,2,28
prAPCreateTask10218001012,2,0,1,2,0,0,0,0,0,0,0,0,3,3,1,12
prAplicacinAlg0318204137,1,3,0,2,0,0,0,0,1,0,0,2,0,1,1,11
prApp0318203405,1,2,0,0,0,0,0,0,0,0,0,0,0,0,0,3
prAPPINVENTORC0318110534,1,2,0,1,0,0,0,0,0,0,0,0,0,0,0,4
prappli0318232920,2,2,1,2,0,0,0,0,0,0,1,2,0,0,1,11
prAppointmentA0218222007,1,0,0,1,0,0,0,0,0,0,2,0,0,0,1,5
prAppSerrefghg0318111505,3,2,2,3,0,3,0,2,1,1,0,2,0,3,3,25
prAppsname0318232530,1,2,0,1,0,0,0,0,0,1,0,0,0,0,1,6
prArtistproject0318204920,3,2,0,1,0,0,0,0,0,1,0,0,0,0,3,10
prASFMMapTour0318203321,1,0,1,2,0,0,1,0,0,0,0,1,0,1,3,10
prASI123NoText0318181541,1,2,0,3,0,0,0,2,1,1,1,0,0,0,1,12
prASI123OB0318181643,1,2,0,1,0,0,0,0,0,0,0,0,1,1,2,8
prasiNoTexting0318111401,1,2,0,3,0,0,0,2,1,1,1,0,0,0,1,12
prAsteroidshoo0318205110,1,2,2,3,0,0,0,0,1,0,0,0,3,3,2,17
prAttackoftheT0318104331,2,3,0,3,0,3,2,0,1,1,0,0,3,3,3,24
prAttackoftheT0318175924,2,3,0,3,0,3,2,0,1,1,0,0,3,3,3,24
pravionio0318232841,1,2,1,3,0,0,0,0,1,0,0,0,3,3,1,15
prBadRedBall0318195750,3,1,0,0,0,0,0,0,0,1,0,0,0,0,2,7
prballbounce0218222403,1,2,1,2,0,0,0,0,0,1,0,0,2,3,0,12
prBasketballGa0318195346,2,2,1,3,0,1,0,0,0,0,0,0,3,3,1,16
prBasketBallSc0318203216,1,2,2,3,0,0,0,1,0,0,1,0,0,3,2,15
prBazardaPonte0418213228,2,2,0,1,0,0,0,0,1,0,0,0,0,0,1,7
prBiyonikEl0318203823,1,0,0,2,0,0,0,0,0,0,0,2,0,0,1,6
prBluetoothled0318203426,1,2,1,3,0,0,0,0,1,0,0,2,0,2,2,14
prbluetoothtest0318104405,1,0,1,1,0,0,0,0,0,0,0,2,0,0,3,8
prBlusmartkeyv10318110247,1,2,1,3,0,0,0,0,1,2,0,2,0,1,2,15
prbo0418212636,1,2,0,2,0,0,0,0,1,1,0,0,3,3,1,14
prBOMBERMAN0218001100,2,2,1,2,1,0,1,2,0,1,0,0,0,3,3,18
prBOMBERMAN0318175401,2,2,1,2,1,0,1,2,0,1,0,0,0,3,3,18
prBOMBERMAN0318195021,2,2,1,2,1,0,1,2,0,1,0,0,0,3,3,18
prBOMBERMAN0318204714,2,2,1,2,1,0,1,2,0,1,0,0,0,3,3,18
prBOMBERMAN0318233451,2,2,1,2,1,0,1,2,0,1,0,0,0,3,3,18
prBosque0318181249,1,3,0,1,0,0,0,0,0,1,0,0,0,0,1,7
prbounceback0418212522,1,2,0,2,0,0,0,0,1,1,0,0,3,3,1,14
prBrjula0418212441,1,3,0,1,0,0,0,0,1,0,0,0,3,0,1,10
prBrowser0218221100,2,2,0,0,0,0,0,0,0,0,0,0,0,0,0,4
prBrowser0218221116,2,2,0,0,0,0,0,0,0,0,0,0,0,0,0,4
prBrowser0218221131,2,2,0,0,0,0,0,0,0,0,0,0,0,0,0,4
prBubbleTap0318181133,1,0,1,2,0,0,0,0,1,0,0,0,2,3,3,13
prCalcolatrice0318104534,2,2,2,1,0,0,0,0,0,0,0,0,0,3,3,13
prCalculadora0218221757,3,3,0,1,0,0,0,0,0,0,0,0,0,3,3,13
prcalculadora0318204158,1,3,0,1,0,0,0,0,0,0,0,0,0,1,3,9
prCalculator0318105801,1,0,0,1,0,0,0,0,0,0,0,0,0,3,3,8
prcalculator0318174722,1,3,0,1,0,0,0,0,0,0,0,0,0,2,3,10
prcalculodelah0318232732,2,3,0,1,0,0,0,0,0,0,0,0,0,3,3,12
prcambiadordec0318232343,1,3,0,1,0,0,0,0,0,0,0,0,0,0,1,6
prCarolineJamie0418212512,2,2,0,2,0,0,0,0,2,0,0,0,3,2,1,14
prCarroJoseLuis0318204644,1,2,1,2,0,0,0,0,0,0,0,2,0,1,2,11
prcarsyoullwan0318121751,1,0,0,0,0,0,0,0,0,0,0,0,0,0,1,2
prCatchPikachu0318104342,3,2,1,3,0,2,1,0,1,1,0,1,3,3,3,24
prCATCHTHATPOK0318105915,3,2,0,3,0,0,0,0,1,2,0,0,3,3,2,19
prCats0418213405,3,0,0,2,0,0,0,0,0,1,0,0,0,0,1,7
prch5quiz0318175034,2,3,1,2,0,0,2,0,0,0,0,0,0,3,2,15
prCH7BYENRIQUE0318175206,2,2,0,2,0,0,1,0,0,1,0,0,0,0,1,9
prch9BYENRIQUE0318175229,2,2,1,2,2,0,0,2,0,0,0,0,0,3,3,17
prChallenge80318110259,3,0,1,3,0,0,0,0,1,1,0,0,3,3,2,17
prCHEICULSAINO0318181714,3,0,0,1,0,0,0,0,0,1,0,0,0,0,2,7
prChemMass0218222022,2,2,0,2,0,0,0,0,0,0,0,0,0,0,1,7
prchrono0218000642,1,3,2,2,0,0,0,0,1,0,0,0,0,3,1,13
prchutesladders0318195149,2,3,0,2,0,0,1,0,1,0,0,0,3,0,2,14
prcintyamarcoz0318175556,2,3,0,1,0,0,0,0,0,2,0,0,0,0,3,11
prClicker0318203355,2,2,0,2,0,0,0,0,1,0,0,0,0,3,1,11
prClickerFixed0318105842,3,2,3,3,3,3,2,2,2,1,0,0,3,3,3,33
prcoloreaconfr0218221710,2,2,0,2,0,0,0,0,0,0,0,0,1,0,2,9
prColourthegor0318110226,1,3,0,2,0,0,0,0,0,0,0,0,1,2,2,11
prComProgActDo0318203914 (1),3,2,1,3,0,0,0,0,0,0,0,1,3,3,2,18
prComProgActDo0318203914 (2),3,2,1,3,0,0,0,0,0,0,0,1,3,3,2,18
prComProgActDo0318203914 (3),3,2,1,3,0,0,0,0,0,0,0,1,3,3,2,18
prComProgActDo0318203914,3,2,1,3,0,0,0,0,0,0,0,1,3,3,2,18
prconceptclinic0318201835,1,1,0,2,0,0,0,0,1,1,0,0,0,0,0,6
prConsumodeCom0318110313,2,2,2,3,2,2,2,2,1,0,0,0,0,3,3,24
prCONTROLEVIAB0218221351,1,2,1,2,0,0,0,0,0,0,0,2,0,0,3,11
prCONVERTIDOR0318121341,3,3,3,2,0,0,0,0,0,0,0,0,0,3,3,17
prCookAtHome0418213339,2,0,0,1,0,0,0,0,0,0,0,0,0,0,3,6
prCookieTapper0318121526,2,3,2,3,0,3,0,2,1,0,0,0,0,3,3,22
prCookieTapper0318121543,1,3,2,3,0,2,0,2,1,0,0,0,0,3,3,20
prcreepyface0218001839,1,2,0,1,0,0,0,0,0,0,0,0,0,2,0,6
prCSO20180318121514,3,2,0,1,0,0,0,0,0,0,0,1,0,0,3,10
prCUIN5334APPP0318104144,1,1,3,2,3,3,1,0,0,0,0,0,0,3,2,19
prcutecolouring0318122149,2,2,0,2,0,0,1,0,0,0,0,0,3,1,3,14
prdankthebesty0318105936,1,3,0,0,0,0,0,0,0,0,0,0,0,0,0,4
prDASI0218222219,2,0,0,1,0,0,0,0,0,0,0,0,0,0,1,4
prDatabases0218001915,1,2,0,2,0,0,0,3,0,0,0,0,0,0,1,9
prdavid0318233700,2,0,0,2,0,0,0,0,0,1,0,0,0,0,2,7
prDecisionMaker0218000957,1,0,0,1,0,0,1,0,0,0,0,0,0,1,3,7
prDERIVEAWAY0318203944,3,2,0,1,0,0,0,2,1,0,0,0,3,0,3,15
prDetectordetr0318104507,1,3,1,1,0,0,0,0,0,0,0,0,0,3,2,11
prDibujoColores0318181154,1,3,0,3,0,0,0,0,0,1,0,0,1,2,2,13
prDigitalDoodl0318110704,1,1,0,1,0,0,0,0,0,0,0,0,1,0,1,5
prDigitalDoodle0318110402,1,0,0,3,0,0,0,0,0,0,0,0,1,1,1,7
prDigitalDoodle0318110458,1,0,0,3,0,0,0,0,0,0,0,0,1,1,1,7
prDinosaurAtta0318181300,1,2,2,3,0,3,0,0,0,2,0,0,3,3,2,21
prDisney0318110330,3,3,0,1,0,0,0,0,0,0,0,0,1,0,2,10
prDistribuirCo0318110437,1,3,1,2,0,3,0,0,0,0,1,1,0,3,3,18
prDONTGetSick0418213500,3,2,0,2,0,0,1,0,0,0,0,0,0,0,3,11
prdonttouchmec0318181436,1,1,0,1,0,0,0,0,0,1,0,0,0,0,0,4
prDotsandBoxes0318112211,1,1,3,2,3,2,3,0,0,0,0,0,2,3,3,23
prDroppingPick0318121424,1,1,2,3,0,0,2,0,2,0,0,0,3,3,2,19
prEcoApp40218221832,2,0,1,3,0,1,0,0,1,0,0,1,0,2,3,14
prELENAV30318105854,2,1,3,3,0,3,0,2,3,3,3,1,0,3,3,30
prEncenderLEDc0318233144,1,3,1,3,0,0,0,0,0,0,0,2,1,0,1,12
prESP82660318112033,1,3,0,1,0,0,0,0,0,0,0,0,0,0,1,6
prFacebook0418213040,2,2,0,1,0,0,0,0,0,0,0,0,0,0,0,5
prFACEBOOKLITE0318105003 (1),1,2,0,2,0,0,0,0,0,0,0,1,0,0,0,6
prFACEBOOKLITE0318105003 (2),1,2,0,2,0,0,0,0,0,0,0,1,0,0,0,6
prFACEBOOKLITE0318105003 (3),1,2,0,2,0,0,0,0,0,0,0,1,0,0,0,6
prFACEBOOKLITE0318105003 (4),1,2,0,2,0,0,0,0,0,0,0,1,0,0,0,6
prFACEBOOKLITE0318105003 (5),1,2,0,2,0,0,0,0,0,0,0,1,0,0,0,6
prFACEBOOKLITE0318105003,1,2,0,2,0,0,0,0,0,0,0,1,0,0,0,6
prFavoritas0218221202,1,3,0,0,0,0,0,0,0,0,0,0,0,0,0,4
prFBLALibraryA0218221045,3,2,1,3,3,1,2,2,3,0,1,3,1,3,3,31
prfechaduraele0318232820,1,2,2,3,0,0,0,2,0,2,0,2,0,3,3,20
prFFFFFSSSSSSS0318111519,1,2,1,1,0,0,0,0,0,0,0,0,0,3,0,8
prFidgetSpinne0218220958,1,2,1,3,0,1,0,0,1,0,0,0,3,3,2,17
prFidgetSpinner0318111631,1,2,2,3,0,1,0,0,1,0,0,0,3,3,2,18
prFidgetSpinner0318233005,1,2,2,3,0,1,0,0,1,0,0,0,3,3,2,18
prFifaWorldCup0218221904,1,2,0,3,0,0,0,0,0,0,0,0,3,2,1,12
prFifaWorldCup0318175120,1,2,0,3,0,0,0,0,0,0,0,0,3,2,1,12
prFifaWorldCup0318204551,1,2,0,3,0,0,0,0,0,0,0,0,3,2,1,12
prFigetspinner0318122315,1,2,1,3,0,1,0,0,1,0,0,0,3,3,2,17
prFightDatJets0318232852,1,2,1,3,0,0,0,0,1,0,0,0,3,3,1,15
prFikriSpeecht0318110028,1,0,0,2,0,0,0,0,0,1,1,0,0,0,2,7
prFingerpainti0318104321,1,2,0,3,0,0,1,1,0,0,0,1,1,3,3,16
prFingerSoccer0318181518,2,2,2,3,0,3,0,0,1,0,0,0,3,3,2,21
prFlagGuesser0318195501,1,3,2,1,0,0,2,0,0,0,0,0,0,3,2,14
prflappypeppa0318195159,1,2,0,2,0,0,0,0,1,0,0,0,3,2,1,12
prFlashQuiz0318233134,1,2,2,3,0,0,3,0,0,0,0,0,0,3,2,16
prFlyingCalcDe0318112122,2,3,3,3,3,3,1,0,1,1,0,0,3,3,3,29
prFNAFQuiz20318180032,3,0,0,1,0,0,0,0,0,0,0,0,0,1,2,7
prFreeApp0318232755,3,2,3,3,0,0,0,0,2,0,0,0,3,3,2,21
prfreemoney0318194804,3,2,2,3,0,0,0,2,1,0,1,0,0,3,3,20
prFulmine0218001249,1,3,0,2,0,0,0,0,1,0,0,0,0,3,2,12
prFulmine0318105719,1,3,0,2,0,0,0,0,1,0,0,0,0,3,2,12
prFulmine0318201845,1,3,0,2,0,0,0,0,1,0,0,0,0,3,2,12
prFulmine0318203045,1,3,0,2,0,0,0,0,1,0,0,0,0,3,2,12
prFulmine0318204230,1,3,0,2,0,0,0,0,1,0,0,0,0,3,2,12
prGAME0318195316,3,2,1,3,0,0,0,0,0,1,0,0,1,3,2,16
prGameApp0318195402,3,1,0,1,0,0,0,0,0,1,0,0,0,2,2,10
prGHOSTDETECTOR0318110545,2,3,1,3,0,1,2,0,1,3,0,0,2,3,3,24
prGlutenFree0318104436,1,1,2,3,2,2,2,1,0,0,0,0,0,3,3,20
prGlutenfree0318104446,1,3,2,3,2,2,2,1,0,0,0,0,0,3,3,22
prGlutenFreeCa0318104229,1,3,2,3,2,2,2,1,0,0,0,0,0,3,3,22
prGoldClicker0218001651,1,3,1,2,0,0,0,2,1,0,0,0,0,3,2,15
prGoldClicker0218221540,1,3,1,2,0,0,0,2,1,0,0,0,0,3,2,15
prGoldClicker0318180251,1,3,1,2,0,0,0,2,1,0,0,0,0,3,2,15
prGoldClicker0318195128,1,3,1,2,0,0,0,2,1,0,0,0,0,3,2,15
prGoldClicker0318204404,1,3,1,2,0,0,0,2,1,0,0,0,0,3,2,15
prGoldClicker0318233341,1,3,1,2,0,0,0,2,1,0,0,0,0,3,2,15
prGolf0318180009,1,2,2,3,0,2,0,0,1,0,0,0,3,3,2,19
prGoodDayAnApp0418212349,3,1,0,2,0,0,0,2,0,0,0,0,0,0,3,11
prGoogle0418213030,2,2,0,1,0,0,0,0,0,0,0,0,0,0,0,5
prGorgojosApp0318203416,2,3,0,2,0,0,0,0,0,1,2,0,0,0,1,11
prgreatjobpal0318181602,1,0,0,0,0,0,0,0,0,0,0,0,0,0,1,2
prGreeeni0318175315,1,2,0,0,0,0,0,0,0,0,0,0,0,0,0,3
prGreeeni0318180511,1,2,0,0,0,0,0,0,0,0,0,0,0,0,0,3
prGuadeCastill0318195001,1,3,0,1,0,0,0,0,0,1,0,0,0,0,2,8
prGuessingGame0218221437,1,2,0,2,0,1,0,0,1,0,0,0,0,3,1,11
prGuessTheNFLP0318195304,1,3,2,2,0,0,2,0,0,0,0,0,0,3,2,15
prHaileyRD0318233238,2,2,2,2,0,1,2,0,1,2,0,0,0,3,2,19
prHelloPurr0318111329,1,1,0,2,0,0,0,0,1,1,0,0,0,1,0,7
prHellopurr0318232552 (1),1,1,0,1,0,0,0,0,0,1,0,0,0,1,0,5
prHellopurr0318232552,1,1,0,1,0,0,0,0,0,1,0,0,0,1,0,5
prHelloPurrApp0318181457,1,1,0,1,0,0,0,0,0,1,0,0,0,0,0,4
prhesapmakinesi0318174940,1,3,1,1,0,0,0,0,0,0,0,0,0,3,3,12
prHMJBSA0318105014,3,2,0,1,0,0,0,0,0,0,0,0,0,0,3,9
prHockey0318201804,1,1,0,2,0,0,0,0,0,1,0,0,2,3,0,10
prHolamundo20318204116,1,3,0,1,0,0,0,0,0,1,0,0,0,0,0,6
prHoleInOne0318194743,3,1,2,3,0,0,0,2,1,0,0,0,3,3,2,20
prHOMEAUTOMATI0218223217,1,0,1,3,0,0,0,0,0,0,0,2,0,1,2,10
prHowhighcanyo0318110652,1,0,1,3,0,0,0,0,2,0,0,0,0,3,3,13
prHowToPrevent0418212410,2,1,0,1,0,0,0,0,0,1,0,0,0,0,2,7
prHuntingGroun0318232436,2,2,2,3,0,2,0,0,1,1,0,0,3,3,2,21
prIHaveaDream,1,2,1,1,0,0,0,0,0,1,0,0,0,0,2,8
prIHaveaDream0218000713,1,1,0,1,0,0,0,0,0,1,0,0,0,0,1,5
prIHaveaDreamb0318121730,1,2,1,1,0,0,0,0,0,1,0,0,0,0,2,8
prImgenes0418212502,1,3,0,1,0,0,0,0,0,0,0,0,0,1,2,8
prINESPIANOLAV0318204219,1,3,2,3,2,0,2,1,1,1,0,2,0,3,2,23
prINVETARIO0318112045,3,3,1,1,0,0,0,2,0,0,0,0,0,1,2,13
prjaIHaveaDrea0318194815,1,2,1,1,0,0,0,0,0,1,0,0,0,0,3,9
prJaydaandlila0318122050,2,2,0,1,0,0,0,0,0,0,0,0,0,0,2,7
prJaydaandlila0318122123,2,2,0,1,0,0,0,0,0,0,0,0,0,0,2,7
prjokenpo0418212533,2,2,3,2,0,0,0,2,0,1,0,0,0,3,3,18
prJuegodeGato0318122202,2,3,2,3,3,3,2,0,0,0,0,0,0,3,2,23
prJuegodeHormi0318110213,1,2,3,3,3,3,2,0,0,0,0,0,3,3,2,25
prjuegotopodiv0218000627,1,1,1,2,0,0,0,0,1,0,0,0,3,3,1,13
prJumpingGame0318204325,2,2,2,3,0,0,0,0,1,2,0,0,3,3,3,21
prkalkulacka0318121320,1,3,1,2,0,3,0,0,0,0,0,0,1,3,2,16
prkedi0218001116,1,1,0,2,0,0,0,0,0,1,0,0,0,0,0,5
prKittyCat0418213641,1,2,0,0,0,0,0,0,0,1,0,0,0,0,0,4
prKnifeShooter0318121720,2,2,1,3,0,0,0,2,1,1,0,1,0,3,2,18
prKuganan0218222310,2,2,3,3,0,0,0,2,2,3,2,2,0,3,3,27
prKuganan20218222239,2,2,3,3,0,0,1,2,2,3,2,2,0,3,3,28
prL6AX101Shake0318110612,2,2,1,2,0,0,0,0,1,1,0,0,0,3,1,13
prL7L8AX102Tra0318110627,2,2,2,3,0,2,2,2,0,0,0,0,0,3,3,21
prLaGranjaDeDo0318174613,2,3,0,1,0,0,0,0,0,2,0,0,0,0,2,10
prLamiaPhotosH0318121948,1,2,1,2,0,0,0,0,1,1,0,0,0,3,1,12
prLEDChairCont0318112141,3,2,3,3,3,3,3,2,1,2,0,2,3,3,3,36
prLedsBluetooth0318110050,1,0,1,2,0,0,0,0,0,0,0,2,0,0,2,8
prLeydeohm0318121910,2,3,0,1,0,0,0,0,0,0,0,0,0,3,3,12
prLittyPong0318233105,1,2,1,3,0,0,0,0,0,1,0,0,3,3,2,16
prLmpadasautom0318182125,1,3,2,3,0,0,0,0,1,0,0,2,0,3,1,16
prLocationappl0418213241,2,1,0,2,0,2,1,2,1,1,0,1,0,2,3,18
prLogoNoParams0318204908,1,2,2,2,2,3,0,0,0,0,0,0,3,3,3,21
prLostKids0318110016,2,0,0,1,0,0,0,0,0,0,0,0,0,0,3,6
prlottery0218221014,2,3,0,1,0,0,0,0,0,0,0,0,0,1,2,9
prlucia0318181858,1,0,1,1,0,0,0,0,0,1,0,0,0,0,2,6
prLyaShakeit0318121637,1,1,0,1,0,0,0,0,1,1,0,0,0,1,0,6
prLyaSpeechRec0318121627,1,1,0,2,0,0,0,0,0,1,0,0,0,0,0,5
prLyaTakeAPict0318121607,1,2,0,2,0,0,0,0,0,1,0,0,0,0,0,6
prLyaTiltToMove0318121617,1,1,0,1,0,0,0,0,2,0,0,0,2,2,0,9
prLyricQuest0318232908,1,3,2,3,3,3,2,1,0,0,0,0,0,3,3,24
prmagic8ball0318174808,1,1,0,2,0,0,2,0,1,1,0,0,0,0,1,9
prMakerofryan0318181531,1,0,0,0,0,0,0,0,0,0,0,0,0,0,1,2
prMANU0318174831,2,3,0,2,0,0,0,0,0,3,0,0,0,0,3,13
prMANUALESMOTO0318111642,3,3,0,1,0,0,0,0,0,0,0,1,0,0,1,9
prMario200318121309,2,3,2,3,0,2,1,0,1,0,0,0,3,3,1,21
prmartinluther0318182032,1,1,0,1,0,0,0,0,1,1,0,0,0,0,1,6
prMatarhormigas0318122216,1,3,3,3,3,3,2,0,0,0,0,0,3,3,2,26
prmatazombiesm0318111540,1,3,0,0,0,0,0,0,1,1,0,0,3,0,2,11
prMathGeek0218221508,3,0,0,1,0,0,0,0,0,0,0,0,0,1,1,6
prMazeSimulato0318232458,1,2,1,3,0,1,1,0,3,1,0,0,3,3,2,21
prMeowSimulator0418213624,2,1,0,1,0,0,0,0,0,0,0,0,0,0,1,5
prmerp0318233754,2,2,3,3,3,3,2,0,2,2,0,0,3,3,2,30
prMessenger0418213050,2,2,0,1,0,0,0,0,0,0,0,0,0,0,0,5
prMichaelMash0318232744,1,2,1,3,0,1,0,0,1,2,0,0,3,3,2,19
prMINESWEEPER0318105946,2,2,1,1,0,0,1,0,0,0,0,0,0,2,2,11
prMiniGameMadn0218001713,3,2,2,3,0,3,0,0,1,2,0,0,3,3,2,24
prMiniGameMadn0218221556,3,2,2,3,0,3,0,0,1,2,0,0,3,3,2,24
prMiniGameMadn0318180228,3,2,2,3,0,3,0,0,1,2,0,0,3,3,2,24
prMiniGameMadn0318195139,3,2,2,3,0,3,0,0,1,2,0,0,3,3,2,24
prMiniGameMadn0318204349,3,2,2,3,0,3,0,0,1,2,0,0,3,3,2,24
prMiniGameMadn0318233320,3,2,2,3,0,3,0,0,1,2,0,0,3,3,2,24
prMINIGOLF0218221928,1,3,1,2,0,0,0,0,1,0,0,0,3,2,1,14
prMiniGolfbyCa0318232332,1,2,2,3,0,3,0,0,1,0,0,0,3,3,2,20
prMoleMash0318201824,1,3,0,2,0,3,0,0,1,1,0,0,3,3,1,18
prMorsecodedemo0418213158,2,2,3,3,3,2,3,1,1,1,0,0,0,3,1,25
prmotoBT0318121556,1,0,0,2,0,0,0,0,0,0,0,2,0,0,1,6
prmovimientoEd0318104415,1,3,0,3,0,1,0,0,2,0,0,0,2,3,2,17
prMRLettuce0318233532,3,3,0,2,0,0,0,0,0,0,0,0,0,0,1,9
prMultihockeya0318195522,2,2,3,3,0,3,1,2,1,0,0,0,3,3,3,26
prMusic0318195559,3,0,0,0,0,0,0,0,0,2,0,0,0,0,3,8
prMusic0318195658,2,3,1,3,0,1,0,0,1,0,0,0,3,3,2,19
prMusica0318203343,1,3,0,1,0,0,0,0,0,1,0,0,0,0,2,8
prMusicalFun0318111621,3,3,0,2,0,0,0,0,0,0,0,1,0,0,2,11
prmusicplayer0318195538,3,2,0,1,0,0,0,0,0,1,0,0,0,0,2,9
prMyCryptoFolio0318104606,2,2,3,3,3,3,2,2,1,0,0,3,0,3,3,30
prMyQuickNotes0318204127,1,2,1,2,3,2,2,2,1,0,0,0,0,2,1,19
prMySmartHome0218221147,1,2,1,3,0,0,0,0,1,0,0,2,0,1,3,14
prnani0318194951,1,2,0,1,0,0,0,0,0,1,0,0,0,0,0,5
prnani0318232931,1,2,0,1,0,0,0,0,0,1,0,0,0,0,0,5
prNewsBanglade0218000658,1,3,0,2,0,0,0,0,0,0,0,0,0,0,0,6
prNewStudentApp0218222329,3,2,0,2,0,0,0,2,0,0,0,0,0,0,2,11
prnext30318175814,3,0,1,3,0,0,1,0,0,1,0,0,2,3,1,15
prNonSoloRadio0218001319,1,2,2,3,2,3,2,3,3,3,2,3,0,3,3,35
prNonSoloRadio0318104616,1,2,2,3,2,3,2,3,3,3,2,3,0,3,3,35
prNonSoloRadio0318105740,1,2,2,3,2,3,2,3,3,3,2,3,0,3,3,35
prNonSoloRadio0318201906,1,2,2,3,2,3,2,3,3,3,2,3,0,3,3,35
prNonSoloRadio0318203106,1,2,2,3,2,3,2,3,3,3,2,3,0,3,3,35
prNonSoloRadio0318204253,1,2,2,3,2,3,2,3,3,3,2,3,0,3,3,35
prNotekeeperli0218221320,3,2,2,3,0,2,0,0,0,0,0,0,0,1,3,16
prNoTextingWhileDriving,1,2,1,2,0,0,0,2,0,1,1,0,0,1,2,13
prnsoairgfpara0318111421,1,3,0,1,0,0,0,0,1,0,0,0,0,1,2,9
prNumbeo0318112023,1,3,0,0,0,0,0,0,0,0,1,0,0,0,0,5
prnumberguesser0318233611,1,2,1,1,0,0,0,0,1,0,0,0,0,3,3,12
proj0_1,3,3,0,1,0,0,0,0,0,0,0,0,0,3,3,13
proj0_10,1,0,0,2,0,0,0,0,1,0,0,2,2,0,3,11
proj0_100,1,2,0,3,0,0,0,0,0,1,0,0,1,2,2,12
proj0_102,1,3,3,1,0,0,0,0,0,0,0,0,0,3,3,14
proj0_103,0,3,0,0,0,0,0,0,0,0,0,0,0,0,0,3
proj0_105,1,0,1,1,0,0,0,0,0,0,2,0,0,0,2,7
proj0_106,2,1,1,3,0,0,0,0,1,2,0,0,0,3,2,15
proj0_107,2,2,1,2,2,0,0,0,0,0,0,0,0,2,0,11
proj0_11,1,2,0,1,0,0,0,0,0,0,0,3,0,0,1,8
proj0_116,1,2,0,2,0,3,0,0,1,1,0,0,3,3,1,17
proj0_117,1,2,0,3,0,0,0,0,0,1,0,0,1,2,2,12
proj0_118,1,2,0,3,0,0,0,0,1,0,0,0,3,3,2,15
proj0_119,1,2,0,2,0,3,0,0,1,1,0,0,3,3,1,17
proj0_12,3,2,0,2,0,0,0,0,0,0,0,0,0,0,1,8
proj0_121,1,2,0,3,0,0,0,0,0,1,0,0,1,2,2,12
proj0_123,1,2,1,2,3,3,2,2,1,1,0,0,0,3,2,23
proj0_124,1,2,1,3,0,3,0,0,1,1,0,0,3,3,2,20
proj0_125,3,2,0,2,0,1,1,2,1,1,0,0,1,2,3,19
proj0_126,1,2,0,3,0,0,0,0,1,1,0,0,1,0,3,12
proj0_127,1,2,0,2,0,0,0,0,0,0,0,0,2,0,0,7
proj0_129,1,2,0,3,0,0,0,0,1,0,0,0,3,3,2,15
proj0_13,2,3,1,1,0,0,0,0,0,0,0,0,0,3,2,12
proj0_130,1,2,0,3,0,0,0,0,1,0,0,0,3,3,2,15
proj0_131,1,3,0,2,0,0,0,0,0,0,0,2,0,0,1,9
proj0_132,1,2,0,1,0,0,0,0,0,1,0,0,0,0,0,5
proj0_133,1,0,1,2,0,0,0,0,0,2,0,1,0,3,1,11
proj0_134,0,3,0,0,0,0,0,0,0,0,0,0,0,0,0,3
proj0_136,1,0,1,1,0,0,0,0,0,0,2,0,0,0,2,7
proj0_137,2,1,1,3,0,0,0,0,1,2,0,0,0,3,2,15
proj0_138,2,2,1,2,2,0,0,0,0,0,0,0,0,2,0,11
proj0_14,3,0,0,2,0,0,0,0,1,2,0,0,0,1,2,11
proj0_143,2,0,1,2,0,0,0,0,1,0,0,0,0,3,2,11
proj0_144,2,2,3,3,0,0,2,0,1,0,0,0,0,3,3,19
proj0_145,1,0,0,3,0,0,0,0,0,1,0,0,1,2,2,10
proj0_146,1,2,0,0,0,0,0,0,0,0,0,0,0,0,0,3
proj0_147,2,0,0,0,0,0,0,0,0,1,0,0,0,0,1,4
proj0_149,1,1,0,1,0,0,0,0,0,1,0,0,0,0,1,5
proj0_15,3,0,0,2,0,0,0,0,1,2,0,0,0,1,2,11
proj0_150,1,3,1,2,0,0,0,2,1,0,0,0,0,3,2,15
proj0_151,3,0,3,3,0,0,2,3,1,0,0,0,0,3,3,21
proj0_152,2,0,1,2,0,0,0,0,1,0,0,0,0,3,2,11
proj0_154,1,2,0,3,0,0,0,0,0,1,0,0,1,2,2,12
proj0_155,1,2,0,3,0,0,0,0,0,0,0,0,3,2,1,12
proj0_156,2,3,2,2,0,0,0,3,0,1,0,0,0,3,2,18
proj0_159,1,1,0,0,0,0,0,0,0,1,0,0,0,0,0,3
proj0_16,1,3,1,1,2,0,0,0,0,0,0,0,0,3,1,12
proj0_160,2,3,0,0,0,0,0,0,0,0,1,0,0,0,1,7
proj0_161,2,1,0,0,0,0,0,0,0,2,0,0,0,0,1,6
proj0_163,1,2,0,3,0,0,0,0,0,0,0,0,3,2,1,12
proj0_165,2,3,3,3,3,2,2,2,1,0,0,0,3,3,3,30
proj0_166,1,0,0,3,0,0,0,0,0,1,0,0,1,2,2,10
proj0_168,1,2,1,1,0,0,0,0,0,1,0,0,0,0,2,8
proj0_17,1,3,0,3,0,0,0,0,0,0,0,0,1,2,2,12
proj0_172,3,0,3,3,0,0,2,3,1,0,0,0,0,3,3,21
proj0_173,1,0,1,2,0,0,0,2,0,1,1,0,0,2,2,12
proj0_174,1,2,0,0,0,0,0,0,0,0,0,0,0,0,0,3
proj0_175,2,3,1,1,0,0,0,0,0,1,0,0,0,3,1,12
proj0_177,3,2,3,2,1,1,1,0,1,2,2,0,0,3,3,24
proj0_18,1,3,2,2,0,0,0,0,1,0,0,0,0,3,1,13
proj0_180,3,0,3,3,0,0,2,3,1,0,0,0,0,3,3,21
proj0_181,1,0,1,2,0,0,0,2,0,1,1,0,0,2,2,12
proj0_182,2,2,3,3,0,0,2,0,1,0,0,0,0,3,3,19
proj0_183,1,0,0,3,0,0,0,0,0,1,0,0,1,2,2,10
proj0_184,1,2,0,0,0,0,0,0,0,0,0,0,0,0,0,3
proj0_185,2,0,0,0,0,0,0,0,0,1,0,0,0,0,1,4
proj0_187,1,1,0,1,0,0,0,0,0,1,0,0,0,0,1,5
proj0_188,1,3,1,2,0,0,0,2,1,0,0,0,0,3,2,15
proj0_189,3,0,3,3,0,0,2,3,1,0,0,0,0,3,3,21
proj0_19,1,3,0,3,0,0,0,0,0,0,0,0,1,2,2,12
proj0_190,2,0,1,2,0,0,0,0,1,0,0,0,0,3,2,11
proj0_193,1,2,0,3,0,0,0,0,0,0,0,0,3,2,1,12
proj0_194,1,2,1,3,0,1,0,0,1,2,0,0,3,3,2,19
proj0_195,1,2,2,3,0,3,0,0,0,1,0,0,3,3,2,20
proj0_196,1,3,2,2,0,0,2,0,0,0,0,0,0,3,2,15
proj0_197,1,2,1,2,0,0,0,2,0,1,1,0,0,1,2,13
proj0_198,1,2,0,3,0,0,0,0,0,1,0,0,1,2,2,12
proj0_199,1,2,1,1,0,0,0,0,0,1,0,0,0,0,2,8
proj0_2,1,2,0,1,0,0,0,0,0,3,0,0,0,0,3,10
proj0_20,1,3,2,2,0,0,0,0,1,0,0,0,0,3,1,13
proj0_202,1,2,1,3,0,3,0,0,1,0,0,0,3,3,2,19
proj0_204,2,1,2,2,0,0,0,2,0,0,0,0,0,3,2,14
proj0_205,1,2,0,0,0,0,0,2,1,2,0,0,3,0,2,13
proj0_206,1,2,1,2,0,0,0,2,1,0,0,1,0,3,2,15
proj0_207,1,2,1,3,0,1,0,0,1,0,0,3,0,0,2,14
proj0_209,1,2,3,2,3,0,2,2,1,0,1,0,0,2,2,21
proj0_21,1,3,1,1,0,0,0,0,0,0,0,0,0,3,2,11
proj0_210,3,0,3,3,0,0,2,3,1,0,0,0,0,3,3,21
proj0_211,2,1,2,2,0,0,0,2,0,0,0,0,0,3,2,14
proj0_212,3,1,0,1,0,0,0,0,0,0,0,1,0,0,1,7
proj0_213,2,1,1,3,0,0,0,0,1,2,0,0,0,3,2,15
proj0_214,0,3,0,0,0,0,0,0,0,0,0,0,0,0,0,3
proj0_215,2,2,0,1,0,0,0,0,0,0,0,0,0,0,0,5
proj0_216,1,2,0,0,0,0,0,1,1,0,0,0,3,0,2,10
proj0_217,1,2,1,2,0,0,0,2,1,0,0,1,0,3,2,15
proj0_218,2,2,1,2,0,0,0,2,1,0,0,1,0,3,3,17
proj0_219,3,1,3,3,3,3,2,3,1,3,1,1,1,3,3,34
proj0_22,1,3,0,1,0,0,0,0,0,2,0,0,0,0,3,10
proj0_220,3,1,3,3,3,3,2,3,1,3,1,1,1,3,3,34
proj0_23,2,3,0,1,0,0,0,0,0,2,0,0,0,0,2,10
proj0_232,1,2,0,1,0,0,0,0,0,0,0,0,0,0,0,4
proj0_234,1,3,0,1,0,0,0,0,0,0,0,0,1,0,2,8
proj0_239,1,2,2,1,0,3,0,0,0,0,0,0,0,3,3,15
proj0_24,1,3,0,2,0,0,0,0,1,2,0,0,0,0,2,11
proj0_240,2,2,0,3,0,0,0,2,0,1,0,0,1,2,3,16
proj0_241,3,2,0,2,0,0,0,0,0,0,0,0,0,0,1,8
proj0_242,0,3,0,0,0,0,0,0,0,0,0,0,0,0,0,3
proj0_243,1,1,0,0,0,0,0,0,1,0,0,0,3,0,0,6
proj0_244,1,2,0,3,0,0,0,0,0,0,1,0,1,1,3,12
proj0_245,1,3,1,3,0,0,0,2,0,0,0,0,0,3,3,16
proj0_246,2,0,0,0,0,0,0,0,1,0,0,0,0,1,3,7
proj0_247,3,0,1,2,0,0,0,0,0,0,0,0,0,1,3,10
proj0_248,3,0,0,1,0,0,0,0,0,0,1,0,0,0,1,6
proj0_25,3,3,0,1,0,0,0,0,0,1,0,0,0,0,2,10
proj0_26,1,2,1,3,0,0,0,0,0,0,0,0,3,3,1,14
proj0_260,1,1,3,2,0,2,0,0,1,0,0,0,0,3,3,16
proj0_261,1,2,2,3,1,0,2,0,1,1,0,0,0,3,2,18
proj0_264,2,2,0,2,0,0,0,2,0,1,0,0,0,1,2,12
proj0_267,1,2,0,2,0,0,0,0,1,0,0,0,1,0,0,7
proj0_27,1,2,0,2,0,0,0,0,0,3,0,0,0,0,2,10
proj0_279,1,2,0,2,0,0,0,0,0,1,1,0,3,1,2,13
proj0_28,1,3,0,1,0,0,0,0,0,1,0,0,0,0,3,9
proj0_280,1,3,1,1,0,0,0,0,0,0,0,0,2,3,1,12
proj0_281,2,3,1,2,0,1,0,0,0,0,0,0,0,3,3,15
proj0_282,2,3,0,1,0,0,0,2,1,0,0,1,0,0,3,13
proj0_283,3,2,1,2,0,0,0,3,0,0,0,0,0,2,2,15
proj0_284,1,2,0,2,0,0,0,0,0,0,0,0,2,0,0,7
proj0_285,3,3,0,1,0,0,0,0,0,0,0,0,0,0,1,8
proj0_286,2,0,0,0,0,0,0,3,0,0,3,3,0,0,1,12
proj0_287,1,2,1,3,0,1,0,0,1,0,0,0,3,3,2,17
proj0_288,2,3,2,2,0,2,1,0,0,3,1,1,0,3,2,22
proj0_29,3,0,0,2,0,0,0,0,0,0,0,0,0,0,1,6
proj0_290,1,3,1,1,0,0,0,0,0,1,0,0,0,1,1,9
proj0_291,1,2,0,1,0,0,0,0,0,0,0,0,0,0,0,4
proj0_292,2,3,0,1,0,0,0,0,0,0,0,0,0,0,1,7
proj0_293,0,3,0,0,0,0,0,0,0,0,0,0,0,0,0,3
proj0_294,1,1,0,2,0,0,0,0,0,0,0,2,0,0,1,7
proj0_295,2,3,0,3,0,0,2,0,0,0,0,0,0,0,3,13
proj0_296,0,3,0,0,0,0,0,0,0,0,0,0,0,0,0,3
proj0_297,1,2,2,3,0,0,0,2,1,2,0,2,0,3,3,21
proj0_298,2,2,1,3,0,1,0,0,1,1,0,0,3,3,2,19
proj0_299,3,3,0,1,0,0,0,0,0,1,0,0,0,0,2,10
proj0_3,2,3,0,1,0,0,0,0,0,0,0,0,0,2,2,10
proj0_30,1,0,0,2,0,0,0,0,1,0,0,0,0,0,2,6
proj0_300,1,0,0,2,0,0,0,0,0,0,0,0,1,2,2,8
proj0_301,1,2,1,3,0,3,0,0,2,2,0,0,3,3,1,21
proj0_302,1,2,0,0,0,0,0,0,0,0,0,0,0,0,0,3
proj0_303,2,1,0,1,0,0,0,0,0,0,0,0,0,0,1,5
proj0_304,1,1,0,1,0,0,1,0,0,1,0,0,1,0,1,7
proj0_305,1,3,1,2,0,3,0,2,0,0,0,0,0,3,3,18
proj0_306,1,2,1,1,0,0,0,0,0,1,0,0,0,0,2,8
proj0_307,2,3,3,3,0,3,0,2,0,0,0,0,0,3,3,22
proj0_309,1,2,1,1,0,0,0,0,0,1,0,0,0,0,2,8
proj0_31,2,2,0,1,0,0,0,0,0,0,0,0,0,0,0,5
proj0_310,1,2,1,1,0,0,0,0,0,1,0,0,0,0,2,8
proj0_311,2,0,2,2,3,3,2,0,1,0,0,0,0,3,3,21
proj0_312,1,3,1,2,0,0,0,2,0,0,0,3,0,2,3,17
proj0_313,1,1,1,1,0,0,0,0,0,1,0,0,0,0,1,6
proj0_314,2,2,0,1,0,0,0,0,0,0,0,0,0,0,1,6
proj0_315,1,2,1,3,0,0,0,0,0,0,0,2,0,3,3,15
proj0_316,1,0,1,1,0,0,0,0,0,1,0,0,0,0,2,6
proj0_317,3,1,0,1,0,0,0,0,0,1,0,0,0,0,3,9
proj0_318,1,2,1,3,0,0,0,0,0,0,0,2,0,2,3,14
proj0_319,1,2,1,3,0,0,0,0,0,0,0,2,0,3,3,15
proj0_32,1,0,1,3,0,0,1,0,0,0,0,0,0,1,2,9
proj0_320,1,0,1,1,0,0,0,0,0,1,0,0,0,0,2,6
proj0_321,2,2,0,1,0,0,0,0,0,0,0,0,0,0,0,5
proj0_322,2,2,1,1,0,0,0,0,0,1,0,0,0,0,2,9
proj0_323,1,2,1,1,0,0,0,0,0,1,0,0,0,0,2,8
proj0_324,2,3,1,2,0,0,0,0,0,0,0,0,1,3,2,14
proj0_325,1,3,0,1,0,0,0,0,0,0,0,0,3,0,3,11
proj0_326,1,3,0,1,0,0,0,0,0,1,0,0,0,0,1,7
proj0_33,1,1,0,2,0,0,0,0,1,1,0,0,0,0,0,6
proj0_34,2,3,1,2,0,0,0,0,0,0,0,0,1,3,2,14
proj0_36,1,2,0,1,0,0,0,0,0,0,0,0,0,0,0,4
proj0_37,2,1,2,2,0,0,0,0,1,0,0,0,0,3,3,14
proj0_39,1,2,0,3,0,0,0,0,0,2,0,2,0,1,3,14
proj0_4,1,3,0,2,0,0,0,0,0,3,0,0,0,0,2,11
proj0_41,1,0,1,1,0,1,0,0,0,0,0,0,0,3,2,9
proj0_42,1,2,1,1,0,0,0,0,0,0,0,1,0,0,1,7
proj0_43,1,2,0,2,0,0,0,0,0,3,0,0,0,0,1,9
proj0_44,1,1,1,2,0,0,0,0,1,0,0,0,0,3,1,10
proj0_45,1,1,0,3,0,0,0,0,1,3,0,0,0,0,2,11
proj0_46,1,0,1,2,0,0,0,0,0,2,0,0,0,3,3,12
proj0_47,3,2,0,1,0,0,0,0,0,2,0,0,0,0,2,10
proj0_48,2,3,1,1,0,0,0,0,0,0,0,0,0,1,1,9
proj0_49,3,1,0,1,0,0,0,0,0,0,0,0,0,0,1,6
proj0_5,3,2,3,3,0,3,2,2,1,2,0,3,3,3,3,33
proj0_51,1,3,2,2,0,0,0,0,1,0,0,0,0,3,1,13
proj0_52,1,3,1,1,0,0,0,0,0,0,0,0,0,3,2,11
proj0_53,1,3,0,1,0,0,0,0,0,2,0,0,0,0,3,10
proj0_54,2,3,0,1,0,0,0,0,0,2,0,0,0,0,2,10
proj0_55,1,3,0,2,0,0,0,0,1,2,0,0,0,0,2,11
proj0_56,3,3,0,1,0,0,0,0,0,1,0,0,0,0,2,10
proj0_58,1,2,0,2,0,0,0,0,0,3,0,0,0,0,2,10
proj0_59,1,3,0,1,0,0,0,0,0,1,0,0,0,0,3,9
proj0_6,1,0,1,2,0,0,0,0,0,1,0,0,0,2,3,10
proj0_60,3,0,0,2,0,0,0,0,0,0,0,0,0,0,1,6
proj0_62,2,2,0,1,0,0,0,0,0,0,0,0,0,0,0,5
proj0_63,1,0,1,3,0,0,1,0,0,0,0,0,0,1,2,9
proj0_64,1,1,0,2,0,0,0,0,1,1,0,0,0,0,0,6
proj0_65,2,3,1,2,0,0,0,0,0,0,0,0,1,3,2,14
proj0_67,1,2,0,1,0,0,0,0,0,0,0,0,0,0,0,4
proj0_68,2,1,2,2,0,0,0,0,1,0,0,0,0,3,3,14
proj0_7,3,2,3,3,0,3,0,0,0,1,0,3,3,3,3,27
proj0_70,1,2,0,3,0,0,0,0,0,2,0,2,0,1,3,14
proj0_71,1,2,2,2,0,0,2,0,0,0,0,0,0,3,3,15
proj0_72,1,3,0,2,0,0,0,0,0,0,0,0,1,2,2,11
proj0_73,1,1,0,2,0,0,0,0,1,1,0,0,0,0,0,6
proj0_75,1,2,1,1,0,0,0,0,0,1,0,0,0,0,2,8
proj0_77,2,0,0,1,0,0,0,0,0,0,0,0,0,0,2,5
proj0_8,3,1,2,2,0,0,2,2,0,0,0,0,0,3,3,18
proj0_86,2,2,0,2,0,0,0,0,0,1,0,0,0,0,2,9
proj0_9,1,2,0,3,0,0,1,0,0,2,1,0,1,3,3,17
proj0_91,3,3,0,2,0,0,0,0,0,1,0,0,0,0,3,12
proj0_92,1,1,1,3,0,0,0,0,1,0,0,2,0,0,1,10
proj0_93,1,2,1,3,0,0,0,0,1,1,0,0,3,3,2,17
proj0_94,2,3,2,3,0,0,0,1,1,1,0,0,0,3,3,19
proj0_95,1,3,0,2,0,2,0,0,1,1,0,0,3,3,2,18
proj0_96,1,2,2,3,0,3,0,0,0,1,0,0,3,3,2,20
proj0_97,3,2,2,3,0,3,2,0,3,2,0,0,3,3,3,29
proj0_98,2,2,0,3,3,1,1,0,1,1,0,0,3,2,2,21
proj0_99,1,3,0,3,0,0,0,0,1,0,0,0,3,3,2,16
proj1_1,1,0,2,2,0,0,0,0,0,1,0,0,0,3,3,12
proj1_10,3,3,0,1,0,0,0,0,0,0,0,0,0,1,2,10
proj1_100,2,3,0,2,0,0,0,0,0,0,0,0,0,0,2,9
proj1_11,3,3,1,2,0,0,0,0,0,0,0,0,0,3,3,15
proj1_13,2,3,2,3,0,0,0,0,3,2,0,0,3,3,2,23
proj1_14,1,3,3,3,3,3,2,0,0,0,0,0,3,3,2,26
proj1_15,1,3,0,1,0,0,0,0,0,0,0,0,0,3,3,11
proj1_16,1,2,2,3,0,0,0,0,1,2,0,0,3,3,2,19
proj1_17,1,2,1,3,0,0,1,2,0,2,0,0,0,2,2,16
proj1_18,1,3,0,0,0,0,0,0,0,0,0,0,0,0,1,5
proj1_19,3,3,0,1,0,0,0,0,0,0,0,0,0,0,1,8
proj1_2,1,3,0,2,0,0,0,0,0,0,0,0,3,2,2,13
proj1_20,1,1,0,0,0,0,0,0,0,0,1,0,0,0,1,4
proj1_21,2,2,1,2,2,0,0,0,0,0,0,0,0,2,0,11
proj1_22,1,0,0,3,0,0,0,0,0,1,0,0,3,3,2,13
proj1_23,2,1,0,2,0,0,0,0,1,0,0,0,3,1,3,13
proj1_24,3,2,0,2,0,0,0,0,0,0,0,1,0,0,3,11
proj1_25,1,0,0,1,0,0,0,0,0,0,0,0,0,3,3,8
proj1_26,1,1,0,2,0,0,0,0,0,0,0,0,1,0,2,7
proj1_27,1,0,0,1,0,0,0,0,0,0,0,0,0,3,2,7
proj1_28,3,0,3,3,0,0,2,0,0,1,0,0,3,3,2,20
proj1_29,2,2,0,2,0,0,0,0,0,1,0,1,0,0,2,10
proj1_3,1,2,1,3,0,0,0,0,1,0,0,2,0,0,2,12
proj1_30,1,2,2,2,2,3,1,0,0,0,0,0,3,3,2,21
proj1_31,1,2,0,2,0,0,0,0,1,0,0,0,1,0,0,7
proj1_32,1,3,0,2,0,3,0,0,1,1,0,0,3,3,1,18
proj1_33,1,2,0,2,0,0,0,0,0,0,0,0,2,0,0,7
proj1_34,3,1,0,2,1,2,0,0,1,1,0,0,0,3,2,16
proj1_35,1,2,0,2,0,0,0,0,1,0,0,0,1,0,0,7
proj1_36,1,1,0,2,0,0,0,0,0,0,0,0,2,0,1,7
proj1_4,1,2,1,3,0,0,0,0,1,0,0,2,0,0,2,12
proj1_47,2,2,0,0,0,0,0,0,0,0,0,0,0,0,0,4
proj1_48,1,1,0,1,0,0,2,0,0,2,0,0,0,0,1,8
proj1_49,1,1,0,1,0,0,0,0,1,1,0,0,0,0,1,6
proj1_5,1,2,1,3,0,0,0,0,1,0,0,2,0,0,2,12
proj1_50,2,2,2,2,0,3,3,0,0,0,0,0,0,3,3,20
proj1_51,1,2,0,2,0,0,0,0,1,0,0,0,1,0,0,7
proj1_52,1,2,2,3,0,0,1,0,2,0,0,2,0,3,3,19
proj1_53,1,2,2,3,0,0,0,0,1,0,0,0,3,3,1,16
proj1_54,1,2,2,3,0,3,1,0,2,3,2,0,1,3,2,25
proj1_55,1,2,0,3,0,0,0,0,0,1,0,0,1,2,2,12
proj1_57,1,2,0,3,0,0,0,0,0,0,0,0,1,2,2,11
proj1_59,1,1,0,1,0,0,0,0,0,1,0,0,0,0,0,4
proj1_6,1,2,1,3,0,0,0,0,1,0,0,2,0,0,2,12
proj1_60,3,3,0,1,0,0,0,0,0,0,0,0,0,0,1,8
proj1_66,1,3,1,1,0,1,0,0,0,0,0,0,0,3,2,12
proj1_67,1,2,1,1,0,0,0,0,0,0,0,0,0,2,1,8
proj1_68,1,2,0,0,0,1,0,0,0,0,0,0,0,3,2,9
proj1_69,1,2,0,3,0,0,0,0,0,1,0,0,1,2,2,12
proj1_7,1,3,1,1,0,0,0,0,0,0,0,0,0,3,2,11
proj1_70,1,2,2,2,0,0,2,0,0,0,0,0,0,3,2,14
proj1_71,1,0,1,2,0,3,2,0,1,1,0,0,0,3,2,16
proj1_72,1,2,2,3,0,3,0,0,2,1,0,0,3,3,2,22
proj1_73,1,2,2,3,0,1,0,0,2,1,0,0,3,3,2,20
proj1_74,2,3,0,3,0,0,2,0,0,2,0,0,1,2,2,17
proj1_75,1,2,1,3,0,1,0,0,1,2,0,0,3,3,2,19
proj1_76,1,3,0,3,0,0,1,0,0,3,0,0,0,1,2,14
proj1_77,1,2,1,3,0,3,0,0,0,1,0,0,3,3,2,19
proj1_78,1,2,2,3,0,3,0,0,2,1,0,0,3,3,2,22
proj1_79,3,3,0,2,0,0,0,0,0,0,0,0,0,2,1,11
proj1_8,1,3,1,1,0,0,0,0,0,0,0,0,0,3,2,11
proj1_80,1,2,1,1,0,0,0,0,0,1,0,0,0,0,2,8
proj1_81,1,0,0,2,0,0,0,0,0,0,0,2,0,0,2,7
proj1_82,1,3,2,3,0,2,0,0,1,1,0,2,0,3,3,21
proj1_83,1,3,0,2,0,0,0,0,1,0,0,0,0,3,2,12
proj1_84,1,2,2,3,2,3,2,3,3,3,2,3,0,3,3,35
proj1_85,3,2,0,1,0,0,0,0,0,0,0,0,0,0,1,7
proj1_86,1,1,0,2,0,0,0,0,1,1,0,0,0,0,0,6
proj1_87,1,3,1,3,0,0,0,0,0,0,0,0,3,3,2,16
proj1_88,1,3,1,1,0,0,0,0,0,0,0,0,0,0,2,8
proj1_9,3,3,1,1,0,0,0,0,0,0,0,0,0,1,2,11
proj1_90,3,3,0,1,0,0,0,0,0,0,0,0,0,0,3,10
proj1_91,1,2,2,3,0,0,2,0,1,0,0,2,0,2,3,18
proj1_92,3,3,3,3,2,3,2,2,1,2,1,0,3,3,3,34
proj1_93,1,0,0,1,0,0,0,0,0,1,0,0,0,0,2,5
proj1_94,1,2,2,1,0,0,0,0,0,0,0,0,0,3,3,12
proj1_95,1,2,0,2,0,0,0,0,1,0,0,0,1,0,0,7
proj1_96,1,1,1,3,0,0,0,0,1,1,0,0,3,3,2,16
proj1_97,1,2,0,2,0,0,0,0,0,0,0,0,2,0,0,7
proj1_98,1,1,0,2,0,0,0,0,1,1,0,0,0,0,0,6
proj1_99,1,3,1,1,0,1,0,0,0,0,0,0,0,3,2,12
proj2_1,1,2,0,0,0,0,0,0,0,0,0,0,0,0,0,3
proj2_100,1,2,0,0,0,0,0,0,0,0,0,0,0,0,0,3
proj2_101,1,2,0,0,0,0,0,0,0,0,0,0,1,0,0,4
proj2_102,0,3,0,0,0,0,0,0,0,0,0,0,0,0,0,3
proj2_103,1,0,0,0,0,0,0,0,0,0,0,0,0,0,3,4
proj2_104,0,3,0,0,0,0,0,0,0,0,0,0,0,0,0,3
proj2_106,1,2,0,0,0,0,0,0,0,0,0,0,0,0,1,4
proj2_107,1,3,1,2,0,0,0,0,1,1,0,0,1,3,3,16
proj2_108,1,3,0,2,0,0,0,0,0,0,0,0,3,3,2,14
proj2_109,1,3,0,0,0,0,0,0,0,0,0,0,0,0,1,5
proj2_11,1,2,1,3,0,1,0,0,1,2,0,0,3,3,2,19
proj2_110,1,1,0,0,0,0,0,0,0,0,0,0,0,0,1,3
proj2_111,1,1,0,0,0,0,0,0,0,0,0,0,0,0,1,3
proj2_112,1,3,0,0,0,0,0,0,0,0,0,0,0,0,1,5
proj2_113,1,1,0,0,0,0,0,0,0,0,0,0,0,0,1,3
proj2_114,1,3,0,0,0,0,0,0,0,0,0,0,0,0,1,5
proj2_115,1,1,0,0,0,0,0,0,0,0,0,0,0,0,1,3
proj2_116,1,2,1,1,0,0,0,0,0,1,0,0,0,0,2,8
proj2_118,1,2,1,1,0,0,0,0,0,1,0,0,0,0,2,8
proj2_119,1,2,1,1,0,0,0,0,0,1,0,0,0,0,2,8
proj2_12,1,2,2,3,0,3,0,0,0,1,0,0,3,3,2,20
proj2_120,1,1,1,1,0,0,0,0,0,1,0,0,0,0,0,5
proj2_121,1,2,1,1,0,0,0,0,0,1,0,0,0,0,2,8
proj2_122,1,1,1,1,0,0,0,0,0,1,0,0,0,0,0,5
proj2_123,1,2,1,1,0,0,0,0,0,1,0,0,0,0,2,8
proj2_124,1,2,1,1,0,0,0,0,0,1,0,0,0,0,1,7
proj2_125,1,2,2,3,0,3,0,0,1,0,0,0,3,3,2,20
proj2_126,1,1,0,1,0,0,0,0,0,1,0,0,0,0,1,5
proj2_127,1,2,0,1,0,0,0,0,0,0,0,0,0,0,0,4
proj2_128,2,2,1,3,0,0,0,0,1,0,0,3,0,3,3,18
proj2_129,1,1,0,0,0,0,0,0,0,0,0,0,0,0,2,4
proj2_13,1,3,2,2,0,0,2,0,0,0,0,0,0,3,2,15
proj2_130,1,1,0,0,0,0,0,0,0,0,0,0,0,0,2,4
proj2_131,0,3,0,0,0,0,0,0,0,0,0,0,0,0,0,3
proj2_132,2,1,0,0,0,0,0,0,0,0,0,0,0,0,1,4
proj2_133,2,3,3,3,3,2,2,2,1,0,0,0,3,3,3,30
proj2_134,2,0,2,3,0,0,0,0,1,0,0,2,0,3,3,16
proj2_135,1,2,0,2,0,0,0,0,1,0,0,0,1,0,0,7
proj2_136,1,3,2,2,3,3,2,0,0,0,0,0,0,3,2,21
proj2_14,1,2,1,2,0,0,0,2,0,1,1,0,0,1,2,13
proj2_15,1,2,0,3,0,0,0,0,0,1,0,0,1,2,2,12
proj2_16,1,2,1,1,0,0,0,0,0,1,0,0,0,0,2,8
proj2_18,3,2,2,3,3,2,2,0,1,1,3,1,0,3,3,29
proj2_19,1,2,1,3,0,3,0,0,1,0,0,0,3,3,2,19
proj2_2,1,3,2,3,0,0,0,0,1,0,0,0,3,3,1,17
proj2_20,2,2,3,3,1,2,2,2,0,2,1,0,1,3,3,27
proj2_21,2,1,2,2,0,0,0,2,0,0,0,0,0,3,2,14
proj2_22,1,2,0,0,0,0,0,2,1,2,0,0,3,0,2,13
proj2_23,1,2,1,2,0,0,0,2,1,0,0,1,0,3,2,15
proj2_24,1,2,1,3,0,1,0,0,1,0,0,3,0,0,2,14
proj2_25,2,3,1,3,0,3,0,0,1,3,0,0,0,3,3,22
proj2_26,1,2,3,2,3,0,2,2,1,0,1,0,0,2,2,21
proj2_27,3,0,3,3,0,0,2,3,1,0,0,0,0,3,3,21
proj2_28,2,1,2,2,0,0,0,2,0,0,0,0,0,3,2,14
proj2_29,3,1,0,1,0,0,0,0,0,0,0,1,0,0,1,7
proj2_3,1,2,0,3,0,0,0,0,0,0,0,0,3,2,1,12
proj2_30,2,1,1,3,0,0,0,0,1,2,0,0,0,3,2,15
proj2_31,0,3,0,0,0,0,0,0,0,0,0,0,0,0,0,3
proj2_32,2,2,0,1,0,0,0,0,0,0,0,0,0,0,0,5
proj2_33,1,2,0,0,0,0,0,1,1,0,0,0,3,0,2,10
proj2_34,1,2,1,2,0,0,0,2,1,0,0,1,0,3,2,15
proj2_35,2,2,1,2,0,0,0,2,1,0,0,1,0,3,3,17
proj2_36,3,1,3,3,3,3,2,3,1,3,1,1,1,3,3,34
proj2_37,3,1,3,3,3,3,2,3,1,3,1,1,1,3,3,34
proj2_38,1,2,0,0,0,0,0,0,0,0,0,0,0,0,0,3
proj2_39,2,1,0,2,0,0,0,0,0,1,1,0,0,0,1,8
proj2_4,1,3,0,1,0,0,0,0,0,1,0,0,0,2,1,9
proj2_41,2,3,1,2,0,1,0,3,1,0,0,0,0,3,2,18
proj2_42,2,3,1,3,0,0,0,0,1,0,0,0,1,3,3,17
proj2_43,3,3,1,2,0,0,0,0,0,0,0,0,0,1,3,13
proj2_44,1,0,1,3,0,0,0,0,1,0,0,2,0,0,2,10
proj2_45,1,0,1,3,0,0,0,2,2,0,1,2,0,3,1,16
proj2_48,1,3,0,1,0,0,0,0,0,0,0,0,0,0,1,6
proj2_49,2,3,2,2,0,3,0,0,0,1,0,0,0,2,3,18
proj2_5,1,2,0,2,0,3,0,0,1,1,0,0,3,3,2,18
proj2_50,1,2,2,3,0,3,1,0,2,3,2,0,1,3,2,25
proj2_51,2,2,1,3,0,0,0,2,1,0,0,0,0,3,3,17
proj2_52,3,2,0,1,0,0,0,0,0,0,0,0,0,1,3,10
proj2_53,1,3,0,1,0,0,0,0,0,1,0,0,0,0,0,6
proj2_54,3,3,1,2,0,0,0,0,1,1,0,0,0,3,3,17
proj2_55,1,2,0,0,0,0,0,0,0,0,0,0,1,0,2,6
proj2_56,3,0,0,1,0,0,0,0,0,1,0,0,0,1,1,7
proj2_57,2,2,0,1,0,0,0,0,0,1,0,0,3,3,2,14
proj2_58,3,3,1,3,0,0,0,0,0,0,0,2,0,0,3,15
proj2_59,1,2,0,2,0,0,0,0,0,1,0,0,0,0,3,9
proj2_6,2,1,0,0,0,0,0,0,0,0,0,0,0,0,1,4
proj2_60,1,1,1,1,0,2,0,0,1,0,0,0,3,3,1,14
proj2_61,3,2,2,2,3,2,1,1,0,0,0,0,0,3,2,21
proj2_62,1,2,1,2,0,0,0,0,0,2,0,0,0,2,2,12
proj2_63,1,2,1,2,0,0,0,0,0,0,0,0,2,3,2,13
proj2_64,1,2,0,2,0,0,0,0,0,0,0,0,2,0,0,7
proj2_65,1,3,0,1,0,0,0,0,0,0,0,0,0,0,2,7
proj2_66,2,2,0,1,0,0,0,0,0,0,0,0,0,0,0,5
proj2_67,2,1,1,3,0,0,0,0,1,2,0,0,0,3,2,15
proj2_68,3,0,3,3,0,0,2,3,1,0,0,0,0,3,3,21
proj2_69,3,0,3,3,0,0,2,0,0,1,0,0,3,3,3,21
proj2_7,2,1,0,2,0,0,0,0,1,0,0,0,3,1,3,13
proj2_70,1,2,1,3,0,0,0,0,1,0,0,2,0,2,3,15
proj2_71,1,2,1,3,0,0,1,1,1,0,0,1,1,3,2,17
proj2_72,3,2,1,3,0,2,1,0,1,1,0,1,3,3,3,24
proj2_73,3,2,2,3,1,3,1,2,2,3,0,0,0,3,2,27
proj2_74,1,3,0,1,0,0,0,0,0,1,0,0,0,0,1,7
proj2_75,3,0,0,2,0,0,0,0,0,1,0,0,0,0,2,8
proj2_76,2,2,3,3,3,3,2,2,1,0,0,0,3,3,3,30
proj2_77,2,1,1,2,0,0,0,0,1,0,0,0,0,3,3,13
proj2_78,1,3,1,2,3,3,2,0,1,0,0,0,0,3,2,21
proj2_79,0,3,0,0,0,0,0,0,0,0,0,0,0,0,0,3
proj2_8,3,2,0,2,0,0,0,0,0,0,0,1,0,0,3,11
proj2_80,1,1,0,1,0,0,0,0,0,1,0,0,0,0,1,5
proj2_81,1,1,0,1,0,0,0,0,0,1,0,0,0,0,1,5
proj2_82,1,1,0,1,0,0,0,0,0,1,0,0,0,0,1,5
proj2_83,1,1,0,1,0,0,0,0,0,1,0,0,0,0,1,5
proj2_84,1,1,0,1,0,0,0,0,0,1,0,0,0,0,1,5
proj2_85,1,1,0,0,0,0,0,0,0,0,0,0,0,0,1,3
proj2_86,1,1,0,0,0,0,0,0,0,0,0,0,0,0,0,2
proj2_87,1,1,0,0,0,0,0,0,0,0,0,0,0,0,1,3
proj2_88,1,3,0,0,0,0,0,0,0,0,0,0,0,0,1,5
proj2_89,1,2,0,2,0,0,0,0,1,0,0,0,1,0,0,7
proj2_90,2,1,0,1,0,0,0,0,0,0,0,0,0,0,1,5
proj2_91,2,1,1,2,0,0,0,0,1,0,0,0,0,3,3,13
proj2_92,2,2,1,2,0,0,0,2,0,0,0,0,0,3,3,15
proj2_93,2,0,1,3,0,0,0,0,0,0,0,0,3,3,1,13
proj2_94,1,3,0,1,0,0,0,0,0,0,0,0,0,2,3,10
proj2_96,1,2,0,2,0,0,0,0,0,0,0,0,2,0,0,7
proj2_97,1,3,2,3,0,1,0,0,1,1,0,0,3,3,2,20
proj2_98,1,2,0,0,0,0,0,0,0,1,0,0,0,0,1,5
proj2_99,2,0,1,2,0,0,0,0,0,0,0,0,1,3,3,12
proj3_1,1,1,2,3,3,3,2,0,1,1,0,0,3,3,1,24
proj3_10,1,2,0,1,0,0,0,0,0,1,0,0,0,0,0,5
proj3_100,1,3,0,2,0,0,0,0,0,0,0,0,3,3,2,14
proj3_101,2,2,0,0,0,0,0,0,0,0,0,0,0,0,0,4
proj3_102,2,2,0,0,0,0,0,0,0,0,0,0,0,0,0,4
proj3_103,1,2,0,2,0,0,0,0,0,1,0,0,0,1,3,10
proj3_104,1,2,0,2,0,0,0,0,0,0,0,0,2,0,0,7
proj3_105,2,2,0,0,0,0,0,0,0,0,0,0,0,0,0,4
proj3_106,1,0,1,3,0,0,1,1,0,3,0,0,0,1,2,13
proj3_107,1,3,2,3,0,3,0,0,1,0,0,0,3,3,2,21
proj3_108,3,1,1,2,0,0,0,2,0,0,0,0,0,3,1,13
proj3_109,1,2,2,2,2,3,1,0,0,0,0,0,3,3,2,21
proj3_11,1,2,0,2,0,0,0,0,0,1,0,0,0,0,1,7
proj3_110,3,0,1,2,0,0,0,0,0,0,0,0,0,2,2,10
proj3_111,1,3,0,1,0,0,0,0,0,1,0,0,0,0,1,7
proj3_112,2,3,3,3,3,2,2,2,1,0,0,0,3,3,3,30
proj3_113,1,2,2,2,2,3,1,0,0,0,0,0,3,3,2,21
proj3_114,1,0,0,1,0,0,0,0,0,1,0,0,0,0,2,5
proj3_115,2,2,3,3,0,1,1,2,1,1,0,0,0,3,3,22
proj3_116,1,2,2,2,0,3,1,0,1,0,0,3,0,3,3,21
proj3_117,1,2,2,3,0,1,0,0,1,0,0,0,3,3,2,18
proj3_118,3,3,1,3,0,0,0,0,0,0,0,2,0,0,3,15
proj3_119,3,3,1,3,0,0,0,0,0,0,0,2,0,0,3,15
proj3_12,1,3,1,2,3,3,2,0,1,0,0,0,0,3,2,21
proj3_120,2,1,0,2,0,0,0,1,1,0,1,0,0,1,1,10
proj3_121,1,3,1,2,0,0,0,0,0,1,0,0,0,1,0,9
proj3_122,1,2,0,0,0,0,0,0,0,0,0,0,0,0,0,3
proj3_123,2,3,0,2,0,3,0,0,1,1,0,0,3,3,3,21
proj3_124,1,2,0,0,0,0,0,0,0,0,0,0,0,0,0,3
proj3_125,1,1,0,2,0,0,0,0,1,0,0,0,1,0,2,8
proj3_126,1,2,0,1,0,0,0,0,2,0,0,0,3,0,3,12
proj3_127,2,0,1,2,0,0,0,0,0,0,0,0,0,1,2,8
proj3_128,1,3,0,2,0,0,0,0,3,0,0,0,3,3,1,16
proj3_129,1,2,3,3,0,3,0,0,1,2,0,0,3,3,2,23
proj3_13,1,1,0,0,0,0,0,0,0,1,0,0,0,0,0,3
proj3_14,1,3,1,1,2,2,0,0,0,0,0,0,0,3,2,15
proj3_15,3,2,2,3,3,3,2,2,2,3,0,1,3,3,3,35
proj3_16,1,0,1,2,0,0,3,0,0,0,0,3,0,2,3,15
proj3_17,2,0,0,2,0,0,0,0,0,0,0,0,0,0,1,5
proj3_18,2,2,1,2,0,0,0,0,1,0,0,1,0,3,3,15
proj3_19,1,2,0,0,0,0,0,0,0,0,0,0,0,0,0,3
proj3_2,2,2,3,3,0,0,2,0,1,0,0,0,0,3,3,19
proj3_20,1,0,1,3,0,0,0,0,0,0,0,2,0,0,2,9
proj3_21,1,3,1,2,0,0,0,0,1,1,0,0,1,3,3,16
proj3_22,2,2,0,3,0,3,1,0,0,0,0,0,2,3,1,17
proj3_23,1,2,2,3,0,3,0,0,1,0,0,0,3,3,2,20
proj3_24,1,2,1,2,3,1,2,2,0,0,1,0,0,1,1,17
proj3_25,2,0,0,0,0,0,0,0,0,1,0,0,0,0,1,4
proj3_26,1,1,0,0,0,0,0,0,0,0,0,0,0,0,1,3
proj3_27,1,0,0,1,0,0,0,0,0,0,2,0,0,0,1,5
proj3_28,1,2,0,0,0,0,0,0,0,0,0,0,0,0,0,3
proj3_29,1,3,2,3,0,0,0,0,1,0,0,0,3,3,1,17
proj3_3,1,0,0,3,0,0,0,0,0,1,0,0,1,2,2,10
proj3_30,1,2,0,3,0,0,0,0,0,0,0,0,3,2,1,12
proj3_31,2,2,3,3,0,0,0,2,2,3,2,2,0,3,3,27
proj3_32,2,3,0,1,0,0,0,0,0,1,0,0,0,0,3,10
proj3_33,1,3,0,3,0,0,0,0,0,1,0,0,1,2,2,13
proj3_34,2,1,0,1,0,0,2,0,0,0,2,0,0,1,3,12
proj3_35,1,2,0,0,0,0,0,0,0,0,0,0,0,0,0,3
proj3_36,2,1,1,2,0,0,0,2,0,0,0,0,0,3,3,14
proj3_37,2,2,0,1,0,0,0,0,0,0,0,0,0,0,1,6
proj3_38,3,3,0,2,0,0,0,0,1,1,0,1,0,1,2,14
proj3_39,3,3,0,2,0,0,0,0,1,1,0,1,0,1,2,14
proj3_4,3,2,2,3,0,3,0,0,1,2,0,0,3,3,2,24
proj3_40,1,1,1,1,0,0,0,0,0,0,0,0,0,1,2,7
proj3_41,2,2,0,0,0,0,0,0,0,1,0,0,0,0,1,6
proj3_42,1,1,0,1,0,0,0,0,0,0,0,3,0,0,1,7
proj3_43,1,1,0,1,0,0,0,0,0,1,0,0,0,0,0,4
proj3_44,1,2,0,1,0,0,0,0,0,1,0,0,0,0,0,5
proj3_45,1,1,0,1,0,0,0,0,0,1,0,0,0,0,0,4
proj3_46,1,1,0,1,0,0,0,0,0,1,0,0,0,0,0,4
proj3_47,1,2,0,1,0,0,0,0,0,1,0,0,0,0,0,5
proj3_48,1,2,0,1,0,0,0,0,1,1,0,0,0,0,0,6
proj3_49,1,1,0,1,0,0,0,0,0,1,0,0,0,0,0,4
proj3_5,1,3,1,2,0,0,0,2,1,0,0,0,0,3,2,15
proj3_50,1,1,0,2,0,0,0,0,0,1,0,0,0,0,0,5
proj3_51,1,2,0,2,0,0,0,0,0,0,0,0,1,0,0,6
proj3_52,1,0,3,2,3,3,2,0,1,0,0,0,0,3,3,21
proj3_53,1,2,0,1,0,0,0,0,1,1,0,0,0,0,0,6
proj3_54,1,2,0,2,0,0,0,0,0,0,0,0,1,0,0,6
proj3_55,1,0,0,1,0,0,0,0,0,1,0,0,0,0,2,5
proj3_56,1,1,0,2,0,0,0,0,0,1,0,0,0,0,0,5
proj3_57,2,0,0,1,0,0,0,0,0,2,0,0,0,0,2,7
proj3_58,2,0,0,1,0,0,0,0,0,2,0,0,0,0,2,7
proj3_59,1,1,0,1,0,0,0,0,0,1,0,0,0,0,0,4
proj3_6,2,2,1,3,0,2,0,0,1,0,0,0,3,3,3,20
proj3_60,1,1,0,1,0,0,0,0,0,1,0,0,0,0,0,4
proj3_61,1,0,0,1,0,0,0,0,0,1,0,0,0,0,2,5
proj3_62,2,0,0,1,0,0,0,0,0,2,0,0,0,0,2,7
proj3_63,1,0,0,1,0,0,0,0,0,1,0,0,0,0,2,5
proj3_64,1,2,1,1,0,1,0,0,0,0,0,0,0,3,2,11
proj3_65,1,1,0,1,0,0,0,0,0,0,0,0,0,3,1,7
proj3_66,1,3,1,2,0,3,2,0,0,0,0,0,0,3,2,17
proj3_67,1,2,1,2,0,0,0,2,0,0,0,3,0,1,3,15
proj3_68,1,3,0,2,0,0,0,0,1,0,0,0,3,3,2,15
proj3_69,2,2,1,2,0,1,0,0,0,2,0,0,0,3,1,14
proj3_7,3,0,0,2,0,0,0,0,0,1,0,0,0,1,2,9
proj3_70,3,3,0,1,0,0,0,0,0,0,0,0,0,3,2,12
proj3_71,1,2,0,1,0,0,0,0,0,1,0,0,0,0,0,5
proj3_72,1,3,1,2,0,1,0,0,0,0,0,0,0,3,3,14
proj3_73,1,2,0,2,0,0,0,0,0,0,0,0,2,0,0,7
proj3_74,2,2,2,2,0,0,0,1,0,1,0,0,0,3,2,15
proj3_75,2,1,2,2,0,0,0,2,0,0,0,0,0,3,2,14
proj3_76,1,2,0,1,0,0,0,0,0,0,0,0,1,0,0,5
proj3_77,3,2,2,3,2,3,2,2,0,2,0,3,0,3,2,29
proj3_78,1,2,2,3,0,0,0,0,1,0,0,2,0,3,3,17
proj3_79,2,0,1,2,0,0,0,0,0,0,0,0,0,1,2,8
proj3_8,2,2,3,3,0,0,0,1,1,0,0,0,3,3,3,21
proj3_80,1,2,0,0,0,0,0,0,0,0,0,0,0,0,0,3
proj3_81,1,0,2,3,0,0,0,2,2,0,1,2,0,3,1,17
proj3_82,3,3,2,2,1,3,2,0,1,1,0,0,0,3,3,24
proj3_83,1,2,0,2,0,0,0,0,0,1,0,0,0,1,0,7
proj3_84,3,0,0,2,0,0,0,0,0,1,0,0,0,2,3,11
proj3_85,1,3,2,1,0,0,0,0,0,0,0,0,0,3,2,12
proj3_86,1,2,2,1,0,0,0,0,0,3,0,0,0,3,2,14
proj3_87,1,2,0,2,0,0,0,0,0,0,2,0,0,3,2,12
proj3_88,1,3,0,2,0,0,0,2,0,0,0,0,1,1,3,13
proj3_89,1,3,1,2,0,0,0,0,1,1,0,0,1,3,3,16
proj3_9,3,1,0,3,0,0,0,0,1,1,0,0,1,3,2,15
proj3_90,1,3,2,3,0,1,0,0,1,1,0,0,3,3,2,20
proj3_91,1,2,0,0,0,0,0,0,1,0,0,0,0,0,1,5
proj3_92,1,3,0,1,0,0,0,0,0,0,0,0,1,2,3,11
proj3_93,1,2,0,1,1,0,0,2,0,0,0,0,0,3,2,12
proj3_94,1,3,0,1,0,0,0,0,0,0,0,0,3,1,2,11
proj3_95,1,1,0,0,0,0,0,0,0,0,0,0,0,0,1,3
proj3_96,1,2,0,0,0,0,0,0,0,0,1,0,0,0,0,4
proj3_97,1,2,0,0,0,0,0,0,0,0,1,0,0,0,0,4
proj3_98,1,0,0,1,0,0,0,0,0,1,0,0,0,0,2,5
proj3_99,1,2,0,2,0,0,0,0,1,2,0,0,0,0,2,10
proj4_1,1,1,0,0,0,0,0,0,0,0,0,0,0,0,1,3
proj4_10,3,2,0,1,0,0,0,0,0,0,0,0,3,0,2,11
proj4_11,2,1,0,2,0,0,0,0,1,0,0,0,0,1,1,8
proj4_12,1,1,0,2,0,0,0,0,0,1,0,0,0,0,0,5
proj4_13,1,1,0,0,0,0,0,0,0,0,0,0,0,0,1,3
proj4_14,3,0,0,2,0,0,0,0,0,0,1,3,0,0,1,10
proj4_15,1,3,0,2,0,0,0,0,0,0,0,0,1,2,2,11
proj4_16,2,2,2,2,0,0,0,0,1,0,2,1,0,3,2,17
proj4_17,1,2,0,1,0,0,0,0,0,1,0,0,0,0,0,5
proj4_18,2,2,0,2,0,0,0,0,0,0,0,2,0,0,3,11
proj4_19,2,2,0,2,0,0,0,0,0,0,0,2,0,1,3,12
proj4_2,1,1,0,2,0,0,0,0,1,1,0,0,0,0,0,6
proj4_20,2,1,0,2,0,0,0,0,1,0,0,0,0,2,0,8
proj4_21,2,1,1,3,0,0,0,2,2,0,0,0,3,3,2,19
proj4_22,2,2,1,2,0,0,0,2,1,0,0,0,0,3,2,15
proj4_23,2,2,2,2,0,1,2,2,1,0,0,0,3,3,3,23
proj4_24,2,1,0,1,0,0,0,0,1,0,0,0,0,0,0,5
proj4_25,3,2,1,1,0,0,2,0,0,0,0,1,0,3,3,16
proj4_26,1,1,2,3,0,0,0,0,1,0,0,2,0,3,1,14
proj4_27,1,0,0,2,0,0,0,0,1,0,0,0,0,1,2,7
proj4_28,2,2,0,0,0,0,0,0,0,0,0,0,0,0,1,5
proj4_29,3,3,0,1,0,0,0,0,0,0,0,0,0,2,2,11
proj4_3,1,1,0,2,0,0,0,0,1,1,0,0,0,0,0,6
proj4_30,1,1,0,0,0,0,0,0,0,0,0,0,0,0,1,3
proj4_31,1,1,0,2,0,0,0,0,0,1,0,0,0,0,0,5
proj4_32,1,1,0,1,0,0,0,0,0,1,0,0,0,0,0,4
proj4_34,2,0,0,2,0,0,0,0,0,2,0,0,0,0,2,8
proj4_35,3,3,0,2,0,0,0,0,1,1,0,1,0,1,2,14
proj4_36,1,0,0,1,0,0,0,0,0,1,0,0,0,0,2,5
proj4_37,1,3,0,2,0,0,0,0,0,0,0,0,3,0,2,11
proj4_38,1,0,0,2,0,0,0,0,1,0,0,0,0,3,3,10
proj4_39,2,0,1,2,0,0,1,0,0,0,0,1,0,3,3,13
proj4_4,1,2,0,2,0,0,0,0,0,0,0,0,2,0,0,7
proj4_40,3,1,0,2,0,0,0,0,2,0,0,0,0,0,3,11
proj4_41,1,2,0,1,0,0,0,0,0,1,0,0,0,0,0,5
proj4_42,1,2,1,3,0,1,2,0,2,1,0,0,3,3,2,21
proj4_43,1,2,2,3,0,0,1,2,1,2,0,2,0,3,3,22
proj4_44,2,1,0,1,0,0,0,0,0,0,0,0,0,0,0,4
proj4_45,1,2,1,1,0,2,0,0,0,0,0,0,0,3,2,12
proj4_46,2,2,0,1,0,0,0,0,0,0,0,0,0,0,2,7
proj4_47,1,3,0,3,0,0,0,0,0,2,0,0,0,0,1,10
proj4_48,1,3,0,3,0,0,0,0,0,2,0,0,0,0,1,10
proj4_49,2,1,1,3,0,0,0,2,2,0,0,0,3,3,2,19
proj4_5,1,2,0,2,0,0,0,0,0,0,0,0,2,0,0,7
proj4_50,2,2,1,2,0,0,0,2,1,0,0,0,0,3,2,15
proj4_51,2,1,0,1,0,0,0,0,1,0,0,0,0,0,0,5
proj4_52,3,2,1,1,0,0,2,0,0,0,0,1,0,3,3,16
proj4_53,1,1,2,3,0,0,0,0,1,0,0,2,0,3,1,14
proj4_54,1,0,0,2,0,0,0,0,1,0,0,0,0,1,2,7
proj4_55,2,2,0,0,0,0,0,0,0,0,0,0,0,0,1,5
proj4_56,3,3,0,1,0,0,0,0,0,0,0,0,0,2,2,11
proj4_57,1,1,0,0,0,0,0,0,0,0,0,0,0,0,1,3
proj4_58,3,2,3,3,0,2,2,2,0,0,0,0,0,3,3,23
proj4_59,2,1,0,0,0,0,0,0,1,1,2,2,0,0,1,10
proj4_6,1,2,0,2,0,0,0,0,1,0,0,0,1,0,0,7
proj4_60,1,3,2,2,0,0,2,0,0,0,0,0,0,3,2,15
proj4_61,2,0,0,3,0,0,0,0,0,0,0,3,0,0,3,11
proj4_62,2,2,0,1,0,0,0,0,0,0,0,0,0,0,2,7
proj4_63,2,3,1,1,0,1,0,0,0,0,0,0,0,3,2,13
proj4_64,1,2,1,1,0,1,0,0,0,0,0,0,0,3,2,11
proj4_65,1,3,0,2,0,3,0,0,1,1,0,0,3,3,1,18
proj4_66,1,3,0,1,0,0,0,0,0,0,0,0,0,3,3,11
proj4_67,1,2,1,2,3,0,1,0,0,1,0,3,0,3,2,19
proj4_68,2,2,3,2,0,0,2,0,1,0,0,0,0,3,3,18
proj4_69,3,1,1,2,0,0,0,0,1,0,0,0,0,3,3,14
proj4_7,1,2,0,2,0,0,0,0,1,0,0,0,1,0,0,7
proj4_8,0,3,0,0,0,0,0,0,0,0,0,0,0,0,0,3
proj4_9,1,1,0,1,0,0,0,0,0,1,0,0,0,1,0,5
prol0318175252,2,2,1,3,0,2,2,0,1,0,0,0,3,3,2,21
prOnelineHexag0318181923,2,2,3,3,3,3,3,2,1,0,0,0,3,3,3,31
prOnelineHexag0318194753,2,2,3,3,3,3,3,2,1,0,0,0,3,3,3,31
prOnelineHexag0318203440,2,2,3,3,3,3,3,2,1,0,0,0,3,3,3,31
prOnelineHexag0318204209,2,2,3,3,3,3,3,2,1,0,0,0,3,3,3,31
prOnelineHexag0318233053,2,2,3,3,3,3,3,2,1,0,0,0,3,3,3,31
prOnlineScammi0318181228,2,0,0,0,0,0,0,0,0,0,0,0,0,0,1,3
prORBMAZE0318110351,3,2,0,3,0,0,0,0,1,1,0,0,3,3,2,18
prpainter0318111529,1,2,0,3,0,0,0,0,1,1,0,0,1,2,3,14
prPaintPot,1,2,0,3,0,0,0,0,0,1,0,0,1,2,2,12
prpaintpot0218222203,1,2,0,3,0,0,0,0,0,1,0,0,1,2,2,12
prPaintPot0318110731,1,2,0,0,0,0,0,0,0,0,0,0,2,0,2,7
prpaintpot0318111455,1,2,0,3,0,0,0,0,0,1,0,0,1,2,2,12
prPaintPotSeco0318232404,1,3,0,0,0,0,0,0,0,1,0,0,1,0,2,8
prpassword0318112105,2,2,3,1,0,3,0,0,0,0,0,0,0,3,3,17
prPetTheCat0318104154,1,1,0,1,0,0,0,0,0,1,0,0,0,1,1,6
prPetTheKitten0318105811,1,2,0,1,0,0,0,0,0,1,0,0,1,0,0,6
prPhoneCall0318181934,1,3,0,2,0,0,0,0,0,0,2,0,0,0,1,9
prPianoMusicPl0318122023,3,2,0,2,0,0,0,0,1,1,0,0,0,0,2,11
prPingPong0218001856,1,2,2,3,0,3,0,0,0,1,0,0,3,3,2,20
prPlaneTakeOff0318232426,1,3,1,3,0,1,0,0,1,0,0,0,3,3,1,17
prPlaysportgam0418213111,2,1,1,3,0,0,2,2,1,0,0,0,0,2,3,17
prpokemonmuded0318104052,1,0,2,1,0,3,2,0,0,0,0,0,1,3,2,15
prpokemonmuded0318110237,1,0,2,1,0,1,3,0,0,0,0,0,1,3,2,14
prPong,1,2,2,3,0,3,0,0,0,1,0,0,3,3,2,20
prPong0218000611,1,2,2,3,0,3,0,0,0,1,0,0,3,3,2,20
prPong0318181144,1,2,1,3,0,0,0,0,1,1,0,0,2,3,2,16
prPongPabloMon0318104218,1,3,2,3,0,1,0,0,1,1,0,0,3,3,2,20
prPongStarter0318233228,1,2,1,3,0,1,0,0,0,0,0,0,3,3,2,16
prPopcornPopper0318232509,2,3,1,3,0,0,2,0,0,0,0,0,3,3,3,20
prPopTheBalloo0318121648,2,2,1,3,0,3,0,0,2,0,0,0,3,3,2,21
prPresidentsQuiz,1,3,2,2,0,0,2,0,0,0,0,0,0,3,2,15
prprimarytrans0218221233,3,1,0,1,0,0,0,0,0,1,0,0,0,0,2,8
prPrimeraPrueba0418212431,2,3,0,3,0,0,0,0,1,1,0,0,0,0,2,12
prProne0318174659,2,3,0,1,0,0,0,0,0,0,0,0,0,0,1,7
prProyecto200318182114,3,2,1,2,0,0,0,0,0,0,0,1,0,3,3,15
prPruebaAWGAGA0318121453,0,3,0,0,0,0,0,0,0,0,0,0,0,0,0,3
prpruebaparaun0318233253,1,2,1,2,2,0,0,0,0,0,0,3,0,2,3,16
prPrvisionmeteo0218001336,3,1,0,2,0,0,0,0,2,0,0,0,0,0,3,11
prpusulamcompa0218001131,2,1,0,2,0,0,0,0,1,0,0,0,3,1,3,13
prPusulamCompa0318111432,2,1,0,2,0,0,0,0,1,0,0,0,3,1,3,13
prpusulamcompa0318203244,2,1,0,2,0,0,0,0,1,0,0,0,3,1,3,13
prQRUnlockPowe0318204656,2,2,3,3,0,3,3,2,3,0,3,3,0,3,3,33
prQuiz0318104134,2,1,2,2,0,1,2,0,1,0,0,0,0,3,3,17
prQuizApp0318233600,1,3,2,2,0,1,2,0,0,0,0,0,0,3,2,16
prquizOhm0318121846,2,3,0,2,0,0,0,0,0,0,0,0,0,0,1,8
prQuizVideoGam0318201814,3,2,0,1,0,0,0,0,0,0,0,0,0,0,1,7
prRadio0218001403,3,3,0,2,0,0,0,0,0,1,0,1,0,0,3,13
prRainbowapp0218001741,3,0,0,1,0,0,0,0,0,0,0,0,0,0,1,5
prRainbowapp0218221617,3,0,0,1,0,0,0,0,0,0,0,0,0,0,1,5
prRainbowapp0318195011,3,0,0,1,0,0,0,0,0,0,0,0,0,0,1,5
prRamadan0318121814,3,0,0,2,0,0,0,0,0,0,0,0,0,0,2,7
prRapperTalks0218001527,3,0,0,2,0,0,0,0,0,1,0,0,0,1,2,9
prRapperTalks0318180205,3,0,0,2,0,0,0,0,0,1,0,0,0,1,2,9
prRapperTalks0318204335,3,0,0,2,0,0,0,0,0,1,0,0,0,1,2,9
prRapperTalks0318233303,3,0,0,2,0,0,0,0,0,1,0,0,0,1,2,9
prRateEverythi0318233040,2,2,2,3,0,1,2,2,1,2,0,0,1,3,3,24
prRayssa0218222255,1,2,0,0,0,0,0,0,0,0,0,0,0,0,0,3
prRECapp0318104758,1,2,1,2,0,0,1,2,0,2,0,0,0,3,3,17
prrevive0218001817,1,0,0,3,0,0,0,0,0,1,0,0,1,2,2,10
prrevive0218221655,1,0,0,3,0,0,0,0,0,1,0,0,1,2,2,10
prrevive0318175751,1,0,0,3,0,0,0,0,0,1,0,0,1,2,2,10
prrevive0318181239,2,0,0,3,0,0,0,0,0,1,0,0,1,2,2,11
prrevive0318194939,1,0,0,3,0,0,0,0,0,1,0,0,1,2,2,10
prrevive0318204758,1,0,0,3,0,0,0,0,0,1,0,0,1,2,2,10
prrileysgame0318232721,1,2,1,2,0,0,0,0,0,0,0,0,0,3,3,12
prRisovalka0318182015,1,1,0,2,0,0,0,0,1,1,0,0,1,0,0,7
prROBOT0318194907,2,2,2,3,0,0,0,0,1,0,0,2,0,1,3,16
prRobotRemote0318205100,1,2,1,3,0,0,0,0,0,0,0,2,0,2,3,14
prryangame0318181612,1,0,0,0,0,0,0,0,0,0,0,0,0,0,1,2
prSalterasRadio0318104300,2,2,1,3,0,0,0,0,1,2,0,1,0,3,2,17
prSanke0318195511,2,3,1,2,0,2,2,0,0,1,0,0,3,3,2,21
prScavenger0318233626,3,0,0,1,0,0,0,0,0,1,0,0,0,0,3,8
prSchoolClassm0418213101,2,1,3,3,0,0,2,3,1,0,0,0,0,3,3,21
prschoolprojec0318203228,3,2,0,2,0,0,0,0,0,0,0,0,0,0,1,8
prschoolxprobl0318182042,3,0,0,1,0,0,0,0,0,0,0,0,1,0,3,8
prScientificCa0318175338,1,3,1,2,0,0,0,0,0,0,0,0,1,3,3,14
prSeaMadnes0318104518,2,2,2,3,0,3,0,0,1,1,0,0,3,3,3,23
prSHAKENLISTEN0318232353,2,2,0,2,0,0,0,2,1,2,0,0,0,0,3,14
prShiftHourCou0218221304,2,2,0,1,0,0,0,2,0,0,0,0,0,1,3,11
prshooter0218221816,1,2,0,3,0,0,0,0,1,0,0,0,3,3,2,15
prshoppingitem0318181425,2,3,2,2,0,0,0,2,0,0,0,0,0,3,3,17
prShowingAceel0318204304,1,2,0,2,0,0,0,0,1,0,0,0,0,1,3,10
prShowingOrien0318204314,1,2,0,2,0,0,0,0,1,0,0,0,0,3,2,11
prSimpleRubikA0318232830,2,2,3,3,3,3,2,2,1,0,0,0,3,3,3,30
prSistemaDeMon0318232541,2,2,1,3,0,0,3,0,1,0,0,3,0,3,3,21
prslideshowgla0318111818,1,1,2,2,0,0,1,0,0,0,0,0,0,3,2,12
prslideshowkom0418212246,1,1,2,2,0,0,1,0,0,0,0,0,0,3,2,12
prslideshowVer0418212256,1,1,2,2,0,0,1,0,0,0,0,0,0,3,2,12
prSmartWellness0318104123,3,3,2,3,2,3,3,2,0,0,1,1,0,3,3,29
prSnake0218221248,1,2,1,2,0,0,0,0,1,0,0,0,3,3,3,16
prSocialPlatfo0218001147,3,2,0,2,0,0,0,0,0,0,0,1,0,0,3,11
prSocialPlatfo0318111442,3,2,0,2,0,0,0,0,0,0,0,1,0,0,3,11
prSocialPlatfo0318203255,3,2,0,2,0,0,0,0,0,0,0,1,0,0,3,11
prSongGame0318181403,3,2,0,1,0,0,0,0,0,1,0,0,0,0,2,9
prSonidoAnimal0318175619,3,2,1,2,0,0,0,0,0,3,0,0,0,0,3,14
prSonidoglpt0318232711,1,2,0,1,0,0,0,0,0,1,0,0,0,0,0,5
prsonidosdeani0318175837,2,3,0,1,0,0,0,0,0,2,0,0,0,0,2,10
prSoundrep0318175705,2,2,0,2,0,0,0,0,0,2,0,0,0,0,3,11
prSpaceInvaders0318233016,1,3,0,2,0,3,0,0,1,2,0,0,3,3,1,19
prSpeakEnglish0318111340,1,0,0,3,0,0,0,0,1,3,0,0,0,0,1,9
prSpeakerTradu0318104239,1,2,0,0,0,0,0,0,0,3,0,0,0,0,3,9
prspooky0218001454,3,1,0,3,0,0,0,0,1,1,0,0,1,3,2,15
prspooky0318180425,3,1,0,3,0,0,0,0,1,1,0,0,1,3,2,15
prspooky0318195056,3,1,0,3,0,0,0,0,1,1,0,0,1,3,2,15
prspooky0318204439,3,1,0,3,0,0,0,0,1,1,0,0,1,3,2,15
prspooky0318233419,3,1,0,3,0,0,0,0,1,1,0,0,1,3,2,15
prSports18Spark0418213448,3,2,0,1,0,0,0,0,0,0,0,0,0,0,2,8
prSpriteSmash0318122226,1,2,0,2,0,2,0,0,1,0,0,0,3,3,2,16
prSpriteSmashh0318181912,1,2,2,2,0,2,0,0,1,0,0,0,3,3,2,18
prStarterProje0218221422,0,3,0,0,0,0,0,0,0,0,0,0,0,0,0,3
prSTEREOcarpi0318105821,1,2,0,1,0,0,0,0,0,1,0,1,0,0,2,8
prStoryofdabest0218001215,1,2,0,0,0,0,0,0,0,0,0,0,0,0,0,3
prStudioDance0318105832,1,2,0,1,0,0,0,0,0,1,0,1,0,0,2,8
prSumadedosnum0418212451,1,3,0,1,0,0,0,0,0,0,0,0,0,2,3,10
prSuperBowling0318232942,1,2,1,3,0,0,0,0,0,0,0,0,3,3,2,15
prSVCoffeedear0318104714,2,3,3,3,3,3,3,2,1,0,1,0,0,3,2,29
prSVCoffeesqui0418213310,3,3,3,3,3,3,3,2,1,0,0,0,0,3,3,30
prT10318203601,1,1,1,2,0,0,0,0,0,0,1,0,0,1,2,9
prTabladeboton0318121331,2,3,0,1,0,0,0,0,0,1,0,0,0,0,2,9
prTakeandDraw0318104205,1,2,0,3,0,0,0,0,0,1,0,0,1,2,2,12
prTakingPictur0318233217,2,2,0,3,0,0,0,0,0,2,0,0,1,2,3,15
prTalktome0218221741,1,1,0,2,0,0,0,0,1,1,0,0,0,0,0,6
prTalktome0318121925,1,1,0,2,0,0,0,0,1,1,0,0,0,0,0,6
prTalkToMe0318181551,1,2,0,1,0,0,0,0,0,1,0,0,0,0,0,5
prTalkToMeCheon0218221029,1,3,0,2,0,0,2,0,1,1,0,0,0,0,1,11
prTaptheanimal0418212306,2,3,0,2,0,0,0,0,0,1,0,0,0,0,2,10
prTDFWButton0318194918,1,2,0,1,0,0,0,0,0,1,0,0,0,0,0,5
prTemplate0318104544,1,2,0,1,0,0,0,0,0,0,0,0,0,0,3,7
prTeoremaPitgo0418212420,1,2,0,1,0,0,0,0,0,0,0,0,0,3,2,9
prTest111111110318105709,2,1,0,0,0,0,0,0,0,0,0,0,0,0,0,3
prtestavegrage0318175946,2,2,1,1,0,0,0,2,0,0,0,0,0,3,3,14
prtestaverage0318175447,2,3,1,2,0,0,0,2,0,0,0,0,0,3,3,16
prTestBlu0218001304,1,3,2,3,0,2,0,0,1,1,0,2,0,3,3,21
prTestBlu0318104702,1,3,0,2,0,0,0,0,1,0,0,0,0,3,2,12
prTestBlu0318105730,1,3,2,3,0,2,0,0,1,1,0,2,0,3,3,21
prTestBlu0318201855,1,3,2,3,0,2,0,0,1,1,0,2,0,3,3,21
prTestBlu0318203055,1,3,2,3,0,2,0,0,1,1,0,2,0,3,3,21
prTestBlu0318204242,1,3,2,3,0,2,0,0,1,1,0,2,0,3,3,21
prTesteprojeto0318104425,1,2,0,1,0,0,0,0,0,0,0,3,0,0,0,7
prTestTestTest0318111841,1,3,0,1,0,0,1,0,1,0,0,0,0,0,1,8
prtexttospeech0318121741,1,1,0,1,0,0,0,0,0,1,0,0,0,0,0,4
prThefarm0318175510,2,2,0,2,0,0,0,0,0,2,0,0,0,0,3,11
prtheflowerapp0318180119,3,0,0,0,0,0,0,0,0,0,0,0,0,0,1,4
prthegreatapp0318232414,3,2,0,1,0,0,0,0,0,0,0,0,0,0,2,8
prtheHealthcar0318180055,1,2,1,3,0,0,0,2,1,0,3,1,0,3,2,19
prTheReadingRo0418212400,3,2,0,1,0,0,0,0,0,0,0,0,0,0,1,7
prTicTacToe0218222053,2,1,2,3,0,0,0,2,0,0,0,0,0,3,2,15
prTicTacToe0318195549,2,2,2,1,0,2,0,0,0,0,0,0,0,3,3,15
prTiposdeTrian0318104113,1,3,1,1,0,0,0,0,0,0,0,0,0,3,2,11
prTOCALAESTREL0218222037,1,2,1,2,0,0,0,0,1,0,0,0,3,3,2,15
prToDoManager0318232649,2,2,3,3,0,1,2,2,0,0,0,0,0,3,3,21
prtojay0318204623,3,2,1,3,3,2,2,3,0,0,0,0,1,3,3,26
prtontoelquelo0318111600,1,3,0,0,0,0,0,0,1,1,0,0,3,0,2,11
prtotallyaccur0318175057,1,1,1,3,0,0,0,0,1,0,0,0,3,3,1,14
prtowerjump0318104555,2,2,3,3,0,3,0,0,1,1,0,0,3,3,3,24
prTraduceepron0318111550,2,2,1,3,0,0,0,0,1,2,0,0,0,2,3,16
prtraduttoretr0218221726,1,2,0,3,0,0,1,0,0,3,0,0,0,1,2,13
prtranslatetos0318105750,2,2,0,2,0,0,0,0,1,1,0,0,0,0,2,10
prTranslator0218221946,1,2,0,0,0,0,0,0,0,0,0,0,0,0,0,3
prTranslator0318175003 (1),1,2,0,0,0,0,0,0,0,0,0,0,0,0,0,3
prTranslator0318175003 (2),1,2,0,0,0,0,0,0,0,0,0,0,0,0,0,3
prTranslator0318175003,1,2,0,0,0,0,0,0,0,0,0,0,0,0,0,3
prTreasurescho0218001029,1,1,1,2,0,0,0,0,1,0,0,0,0,3,3,12
prTrendersAtta0218001509,2,2,3,3,0,0,0,1,1,0,0,0,3,3,3,21
prTrendersAtta0318180400,2,2,3,3,0,0,0,1,1,0,0,0,3,3,3,21
prTrendersAtta0318195106,2,2,3,3,0,0,0,1,1,0,0,0,3,3,3,21
prTrendersAtta0318204428,2,2,3,3,0,0,0,1,1,0,0,0,3,3,3,21
prTrendersAtta0318233408,2,2,3,3,0,0,0,1,1,0,0,0,3,3,3,21
prTresEnRallaM0218221849,1,3,1,2,3,3,2,0,1,0,0,0,0,3,2,21
prtreyx0318181622,1,1,0,0,0,0,0,0,0,0,0,0,0,0,1,3
prTriangulos0318104310,1,3,1,1,0,0,0,0,0,0,0,0,0,3,3,12
prtriangulos0318104739,1,3,1,1,0,0,0,0,0,0,0,0,0,3,2,11
prTriangulosCa0318104457,1,3,1,1,0,0,0,0,0,0,0,0,0,3,2,11
prTriviaApp0318195437,2,2,2,2,0,0,3,0,0,0,0,0,0,3,3,17
prTriviaGame0318195426,2,2,2,2,0,0,2,0,0,0,0,0,0,3,2,15
prTrollPaintin0318121938,1,3,0,3,0,0,0,0,0,2,0,0,1,2,2,14
prU10318181507,1,1,0,1,0,0,0,0,0,0,1,0,0,0,0,4
prUltimateCalc0318111611,1,2,2,3,0,3,0,2,0,0,1,3,0,3,3,23
prVelezMusicAr0318205036,3,2,0,0,0,0,0,0,0,2,0,0,0,0,2,9
prVerTriangulos0318104854,1,3,1,1,0,0,0,0,0,0,0,0,0,3,2,11
prVETET0318233637,1,3,1,3,1,0,0,0,1,0,0,2,0,3,3,18
prvocesysonidos0318180337,2,3,0,2,0,0,0,0,0,2,0,0,0,0,3,12
prwebbrowser0318204930,1,1,1,1,0,0,0,0,0,0,0,0,0,0,1,5
prWebServiceAp0318204941,1,2,1,2,3,0,1,0,0,1,0,3,0,3,2,19
prWebServicesA0218221217,1,2,1,2,3,0,1,0,0,1,0,3,0,3,2,19
prWebServicesA0318204148,1,2,1,2,3,0,1,0,0,1,0,3,0,3,2,19
prWebServicesA0318204613,1,2,1,2,3,0,1,0,0,1,0,3,0,3,2,19
prwebviwers0318180142,2,2,0,2,0,0,0,2,0,0,0,0,0,0,2,10
prwhatsinmycab0318233120,2,2,1,2,3,0,2,0,0,0,0,0,0,3,2,17
prWhereAmINow0318174550,1,1,0,0,0,0,0,0,0,0,0,0,0,0,1,3
prWhichsportis0418213421,3,1,0,1,0,0,0,0,0,0,0,0,0,0,3,8
prwificar0218221406,1,2,0,1,0,0,0,0,0,0,0,3,0,0,3,10
prWolframWizar0318203138,1,2,1,1,0,1,1,0,0,0,1,3,0,3,3,17
prWow0218001438,1,2,0,1,0,0,0,0,0,1,0,0,0,0,0,5
prWow0318180448,1,2,0,1,0,0,0,0,0,1,0,0,0,0,0,5
prWow0318195046,1,2,0,1,0,0,0,0,0,1,0,0,0,0,0,5
prWow0318204451,1,2,0,1,0,0,0,0,0,1,0,0,0,0,0,5
prXylophone0218001935,1,0,1,2,0,3,2,0,1,1,0,0,0,3,2,16
prYOUTUBELITE0318104948,1,2,0,2,0,0,0,0,0,0,0,1,0,0,0,6
prYoutuberClic0218001230,2,2,3,3,0,0,2,0,1,0,0,0,0,3,3,19
prYoutuberClic0218221636,2,2,3,3,0,0,2,0,1,0,0,0,0,3,3,19
prYoutuberClic0318175728,2,2,3,3,0,0,2,0,1,0,0,0,0,3,3,19
prYoutuberClic0318181216,2,2,3,3,0,0,2,0,1,0,0,0,0,3,3,19
prYoutuberClic0318194928,2,2,3,3,0,0,2,0,1,0,0,0,0,3,3,19
prYoutuberClic0318204741,2,2,3,3,0,0,2,0,1,0,0,0,0,3,3,19
przachpongapp0218221335,1,2,1,3,0,0,0,0,0,0,0,0,3,3,1,14
prZOMBIESURVIV0318110038,2,3,1,3,0,3,1,0,1,2,1,0,3,3,3,26
prZOMBIESURVIV0318121438,2,3,1,3,0,3,1,0,1,2,1,0,3,3,3,26
prZoologico0318175533,3,3,0,2,0,0,0,0,0,3,0,0,0,0,3,14
prZoologico0318175643,2,2,0,0,0,0,0,0,0,3,0,0,0,0,2,9
prZoologico0318175900,2,3,0,2,0,0,0,0,0,3,0,0,0,0,3,13
przoologicoAyY0318174745,3,2,0,1,0,0,0,0,0,2,0,0,0,0,3,11
ShopApp,3,1,3,3,3,3,2,3,1,3,1,1,1,3,3,34
testing_tuples,1,2,0,1,0,0,3,0,0,0,0,0,0,0,0,7
tfg_testing,2,2,2,3,0,2,3,0,3,3,1,3,0,3,1,28
tfg_testing_basic,0,3,0,0,0,0,0,0,0,0,0,0,0,0,0,3
tfg_testing_userinterface,1,1,0,2,0,0,0,0,0,0,0,0,0,1,1,6
